TSNE1,TSNE2,year,month,T (degC)
60.419643,42.766224,2012,11,28.97
-41.241455,39.604355,2014,4,4.13
-48.639854,-0.95380443,2015,5,1.9
78.65713,-11.15803,2014,10,23.23
47.07349,7.466165,2010,8,19.23
6.114907,-58.76394,2013,12,3.74
20.39135,-5.5072803,2013,4,13.62
-4.592889,51.227543,2016,9,10.16
46.738167,18.098434,2013,1,18.92
53.86999,-13.033921,2014,1,17.51
-20.307745,-8.566301,2015,11,5.86
23.620495,-18.314274,2016,3,10.33
-43.12041,-57.026806,2016,2,5.43
-45.363667,-61.350945,2016,6,-4.67
14.215753,-16.109615,2009,5,10.6
10.648011,3.8659072,2010,6,12.31
60.828495,22.634668,2012,2,23.29
-33.558475,-19.886282,2010,6,5.31
3.7757726,51.828293,2016,6,14.52
-13.5595455,-48.438595,2015,12,5.82
47.434452,3.2803204,2013,9,18.16
-43.67014,-60.68909,2016,2,-1.6
5.6579576,22.8842,2009,11,14.5
-3.7686665,3.973942,2013,6,14.69
49.65491,-7.2210236,2015,3,14.41
42.490448,-24.803352,2015,3,16.7
8.452309,-54.112064,2014,12,6.61
19.423199,-27.974787,2015,6,10.03
51.153816,6.6780562,2011,12,17.94
65.43568,46.93462,2015,8,30.41
-27.91616,-67.24713,2015,4,5.79
-13.758652,39.075054,2009,4,9.02
66.31707,-19.293762,2011,8,17.26
-15.976524,-51.4579,2010,9,-0.26
-19.989578,-33.44036,2009,10,3.51
-44.209732,-59.383114,2016,4,-0.23
2.75104,25.916628,2010,10,12.75
7.8361816,-27.27056,2016,8,9.63
-21.062346,13.947064,2012,12,6.24
20.947231,7.2192245,2011,12,14.36
-42.317497,-64.26947,2016,4,-5.87
44.881607,19.030966,2016,2,17.1
60.574074,40.670055,2011,11,27.5
-34.76133,20.485554,2016,11,3.49
1.1013902,-34.998493,2010,6,6.84
-17.306803,-54.345512,2011,11,-2.78
-58.58842,37.776054,2010,2,0.99
41.98221,17.654324,2015,1,16.61
10.817129,2.6214194,2009,5,12.05
21.060755,21.641197,2011,7,16.17
-22.66769,27.689274,2011,11,5.11
51.319103,-24.044226,2011,1,12.82
-5.281524,12.513917,2013,1,9.84
40.114407,-1.5537534,2011,11,15.3
-14.977575,-7.414651,2014,8,9.82
-6.5223746,-13.063569,2009,4,8.35
17.492897,51.168148,2015,9,14.53
-17.258633,-44.41158,2015,6,9.11
62.294117,-27.791405,2012,6,16.32
69.85102,-6.525201,2014,8,17.0
32.99453,2.3274822,2011,8,13.08
5.100689,-14.807206,2011,4,11.43
-20.269796,9.691725,2013,8,5.88
65.94968,7.9804745,2016,6,19.7
-54.732822,7.8666615,2013,8,0.52
37.758007,-44.17313,2011,12,11.63
-48.160572,50.639225,2015,6,3.02
-22.956646,-59.640747,2015,12,-2.37
29.658491,-16.782558,2014,9,12.53
2.4833066,13.329534,2009,2,16.92
36.05649,-50.65879,2010,9,13.87
10.351082,5.8473506,2010,5,12.28
-56.619408,9.484301,2013,8,-1.89
-86.51242,16.729486,2012,2,-14.1
30.803757,-50.30885,2009,9,11.61
-4.570834,-45.062733,2011,7,5.46
-31.249344,19.028147,2014,4,7.66
59.553326,-6.865389,2013,4,21.92
21.168894,41.90918,2015,10,19.89
-44.395412,-64.00732,2016,7,-3.65
-43.989613,20.641151,2013,2,3.56
60.83346,51.498867,2015,7,36.21
-5.286178,15.331099,2011,2,7.3
-3.117,-54.301987,2009,10,6.59
28.004354,-48.04522,2009,10,11.64
27.288952,-20.327608,2015,1,15.54
48.583412,-42.443718,2013,9,14.41
-1.0549768,-15.837105,2009,3,7.43
-34.9001,50.1944,2013,3,4.71
-40.857853,20.186121,2016,5,3.76
-84.534454,-2.3769825,2013,11,-4.55
4.9639006,5.5758533,2015,3,14.32
23.164604,-21.568434,2015,2,12.91
6.008867,-6.138277,2011,3,9.99
36.61718,-5.8753657,2013,12,11.38
28.072372,11.466033,2010,6,19.09
-12.395788,18.113758,2014,8,8.5
-0.007312066,-54.824493,2013,10,6.71
-31.067863,18.925411,2014,2,6.42
-63.223293,-2.0859401,2011,9,-4.51
42.488926,51.227287,2013,7,22.26
74.90399,-2.5575387,2014,11,20.23
-55.37929,-2.3086066,2013,7,-0.54
17.16258,43.563454,2015,8,15.98
56.789375,29.611305,2012,2,23.74
-2.7140777,-57.292236,2012,9,7.36
68.99297,7.907478,2009,5,18.94
-31.577148,-8.563503,2009,6,5.15
5.5810323,37.946053,2013,6,13.8
-49.023273,49.240696,2015,7,0.92
1.7325469,-41.910225,2012,9,12.12
68.595055,-10.263704,2011,8,17.39
-48.75185,42.202335,2013,3,2.75
-16.430586,-2.1321657,2014,5,5.84
25.161798,1.8649554,2010,7,14.5
1.4918442,-17.23102,2009,1,9.7
11.04809,3.928949,2010,3,11.72
53.72219,10.70846,2012,11,20.75
2.1922517,-66.34923,2016,9,8.63
37.696487,-44.595985,2011,12,10.75
75.19285,-15.019147,2014,11,20.76
54.566284,52.911716,2014,3,24.14
16.394438,-35.517628,2012,5,10.8
17.685825,-7.7881436,2012,3,14.64
21.534966,-17.179415,2014,2,12.27
-21.188648,-29.024479,2010,6,4.02
60.183857,39.279064,2013,7,27.84
34.487236,-56.342648,2009,6,14.01
-40.58954,18.673185,2016,6,4.4
-20.974024,-29.414108,2010,6,4.69
-34.69435,-59.278484,2014,5,0.6
-29.33202,-66.29485,2016,2,8.28
-12.364137,-39.066082,2011,6,1.26
-35.996346,13.559392,2016,11,3.08
62.965637,-29.543245,2013,7,16.2
-18.015713,-61.030716,2015,10,-1.42
6.824189,-48.009933,2014,7,6.2
-59.84177,-8.264668,2015,12,-2.99
-68.869484,11.257087,2015,6,-3.78
35.26977,-55.550568,2009,6,12.55
76.83521,-12.274195,2014,11,21.61
-5.7001085,16.164412,2011,1,7.22
6.354138,-52.266285,2013,11,6.16
51.89366,-2.3268583,2015,7,14.76
29.476404,-22.463425,2014,5,14.58
-38.21534,-7.571345,2009,6,5.17
-48.958015,-18.771015,2016,12,1.5
-2.1417496,-50.206264,2009,10,5.19
45.357464,-35.482365,2014,8,12.8
43.044678,20.035994,2016,3,18.61
0.78919494,-71.186386,2015,12,13.23
-56.334877,41.97552,2010,3,3.85
-76.98907,16.565187,2009,10,-6.92
-48.506767,49.116104,2015,7,1.65
13.895702,26.89363,2014,12,14.23
-14.499133,-45.919147,2014,10,2.4
-17.110676,42.660805,2010,7,8.51
-30.650724,3.9717808,2009,10,3.06
28.29533,27.454266,2009,12,20.21
-34.774597,12.2609415,2014,12,1.77
27.290367,-12.917893,2016,3,10.87
-23.47698,12.928617,2015,8,6.09
7.0629454,16.416529,2009,7,14.61
6.9986835,-8.4626,2010,1,10.61
-37.491146,37.970707,2013,2,4.16
-37.725407,17.706682,2016,8,3.79
-16.76033,-50.434143,2010,10,-0.69
-54.33094,27.689068,2012,1,-0.24
-79.49091,19.707293,2009,11,-12.12
26.023525,-47.720997,2011,9,10.71
37.479984,-46.831837,2012,10,14.88
23.648874,-22.013515,2016,2,13.81
-16.787655,7.7159424,2013,3,8.46
-5.296035,35.282734,2010,7,13.2
13.507517,5.144625,2012,3,17.37
41.64724,-43.220566,2012,11,15.03
-11.862542,-71.016685,2016,7,1.6
-7.243426,3.3784099,2016,1,13.09
56.65093,34.51155,2014,4,23.09
-49.034626,42.894825,2013,3,2.0
-35.43263,-61.707813,2016,3,2.7
-12.12274,-15.837947,2013,2,6.31
15.96053,12.420697,2011,7,15.48
9.982843,31.811039,2015,10,12.78
54.61241,0.3940586,2011,4,17.93
43.43959,-40.240005,2014,10,13.95
-27.578419,-67.53849,2013,4,3.56
-47.48779,44.48452,2013,2,5.08
-9.285609,-49.296856,2010,11,3.97
-31.304884,-23.27768,2010,7,2.37
-54.32229,14.430347,2015,4,-2.17
-31.008938,43.953934,2012,1,6.07
-49.988495,-13.088164,2015,12,3.18
34.92184,28.561598,2012,8,22.59
-51.942177,-10.125403,2014,11,1.51
4.369823,51.87218,2014,5,15.5
-36.899853,-61.677654,2015,2,4.23
51.1453,16.874521,2010,9,23.88
39.72435,53.628918,2013,8,24.2
-26.481054,8.207122,2013,10,3.8
64.96406,32.66181,2013,4,24.35
68.20608,32.66411,2012,1,22.96
28.368742,27.704958,2009,12,20.26
-26.035099,-44.13984,2012,11,-3.55
36.69441,-54.277634,2010,6,13.83
-4.3928704,-29.984632,2012,1,8.64
-9.603389,-53.717808,2010,12,1.3
36.656174,19.983562,2016,7,18.11
22.787104,43.368645,2016,9,17.74
-3.8555012,36.543777,2010,7,18.36
73.79001,2.646936,2013,8,20.03
56.878326,38.661682,2011,5,24.84
-66.926414,22.61535,2009,2,-4.43
-56.49179,12.771558,2013,5,-0.26
-24.744108,-10.17992,2011,10,8.48
33.06838,-25.822784,2015,7,11.79
74.88586,-3.1923897,2014,11,21.06
11.324255,32.467056,2016,11,14.51
-37.42829,-13.34188,2013,8,5.02
-50.982834,-6.6137056,2015,8,3.56
-0.7339125,-65.65775,2016,10,10.01
-7.1546135,-53.966633,2009,10,4.03
22.715069,30.24124,2014,10,16.85
-6.95697,39.14939,2011,8,9.46
-38.747486,-6.1072783,2009,5,-1.73
-58.442425,37.125275,2011,2,-0.74
-37.102394,19.716492,2016,9,0.85
47.966496,43.678486,2010,5,23.33
-22.434114,19.957457,2014,12,5.12
66.112526,33.00642,2011,4,23.56
14.52445,-16.028774,2009,5,8.37
43.308475,-47.34105,2009,11,16.66
11.143012,-13.31644,2009,1,11.02
-43.630028,13.152677,2013,6,-0.99
-39.759182,-46.158653,2010,2,-11.29
16.110817,-33.34066,2012,5,13.13
-84.220924,-0.47131154,2010,11,-7.33
-23.025486,57.42039,2009,10,6.52
-25.780308,12.765415,2015,8,2.8
-40.057777,18.09509,2016,7,1.44
45.628365,-32.41455,2014,5,13.04
-82.533485,19.989273,2012,7,-20.59
12.062956,-11.218378,2010,1,9.9
41.756668,-20.446249,2013,6,14.91
-60.619095,-3.4858732,2013,9,-4.88
33.24948,6.027467,2010,8,15.08
21.071867,41.76827,2015,10,20.53
-49.057873,38.97254,2015,4,-2.07
-10.116517,-32.408283,2010,2,5.42
11.495241,-15.683523,2009,4,12.1
-8.536996,-47.939777,2011,10,0.95
67.46531,44.562344,2015,9,26.7
-38.536777,-24.36033,2010,12,7.64
-11.45904,51.423946,2014,12,14.7
58.276325,-20.098457,2011,5,16.7
74.08133,-6.5459137,2016,10,19.61
58.51072,-31.203114,2011,7,13.5
-7.305731,-25.595928,2012,4,5.96
-26.916542,20.710375,2012,8,3.56
62.87555,-3.717759,2011,1,16.98
52.606117,-21.28153,2013,1,15.7
34.963806,30.341564,2011,9,22.76
-15.077158,49.60613,2011,11,11.02
28.738798,9.784702,2009,6,16.21
-9.597311,-39.319664,2012,3,0.05
-68.71823,11.297173,2015,6,-3.44
18.155275,-10.196443,2011,1,11.47
-32.079792,23.488874,2014,12,2.48
0.21708359,-28.2846,2014,4,11.97
37.779884,-20.655035,2016,2,16.19
-47.289547,19.870583,2014,3,4.5
18.504889,20.047659,2009,11,12.44
67.82114,44.124954,2015,11,27.16
-30.761658,3.9596956,2009,10,3.14
31.810719,-44.464092,2012,9,16.72
-68.10247,25.412024,2011,4,-5.42
13.009173,-16.737965,2009,5,10.23
-42.938274,47.16093,2016,5,4.81
66.81381,45.521626,2015,6,27.47
-46.984196,37.705814,2013,6,0.2
-41.45961,-46.41319,2010,2,-11.82
50.28354,-23.363245,2012,2,12.13
-39.08915,15.486728,2016,9,6.23
-14.677744,-61.21148,2015,11,0.92
21.478643,32.68565,2012,11,17.07
49.29386,-18.862726,2009,3,15.71
35.42379,29.529215,2012,10,23.13
22.920214,-37.51176,2015,11,9.09
-46.73723,33.6549,2015,3,2.04
6.115439,-5.480791,2011,3,9.8
43.927296,43.52845,2012,4,20.86
30.018347,-38.161125,2014,12,13.55
-46.61393,21.10164,2013,4,2.44
3.4727936,-49.705925,2012,8,7.34
-0.43362948,-51.04275,2010,10,7.0
43.968952,-40.025555,2014,9,12.88
72.629814,-12.827293,2015,8,22.46
57.660534,16.240831,2013,3,19.74
-29.865416,-10.580108,2009,6,6.76
36.128937,-34.28353,2015,11,14.34
-11.790034,40.439148,2009,3,7.71
-68.73378,24.354578,2011,5,-9.63
6.877471,23.467697,2009,9,16.44
-76.880135,18.272318,2009,8,-8.07
-30.13022,-59.801792,2015,6,5.88
-17.903309,-68.20446,2014,6,2.86
3.3428967,0.18206613,2015,9,10.78
24.695808,53.35184,2016,9,22.08
-31.740425,1.2181909,2009,7,1.43
-63.077263,17.943241,2009,1,-3.21
62.28113,27.508333,2014,8,27.82
57.437263,0.8461908,2009,1,19.43
57.834854,21.73224,2011,3,21.49
48.92463,50.91725,2016,5,25.46
1.2964548,-44.16382,2014,8,11.61
-50.976112,3.6135428,2013,1,-0.31
-4.165515,51.40058,2016,10,12.32
-25.210129,47.5885,2014,6,7.18
11.779938,-17.383846,2010,4,10.75
-61.708645,44.727528,2011,7,-1.51
20.41051,22.459932,2009,7,14.33
-42.635704,-52.230267,2014,1,-0.07
-31.526241,-59.46049,2013,5,2.07
3.6658115,43.247326,2013,4,14.32
32.51479,-47.003906,2011,11,11.38
61.560696,50.59436,2015,6,34.12
-21.295015,-66.97214,2015,9,4.53
51.173847,16.77281,2010,8,22.83
0.16690268,18.280516,2014,5,11.91
-4.9767923,-55.34953,2009,9,5.4
-12.383116,-27.092718,2012,4,0.14
53.18183,18.86365,2014,9,24.18
-0.9755168,-23.822725,2010,1,4.76
57.05763,-22.478062,2011,5,15.25
-67.43123,11.674332,2015,6,-2.67
-26.96515,51.583084,2011,6,9.04
-45.68169,-14.117323,2016,12,3.94
12.481394,-10.411454,2010,3,8.37
-41.815067,14.66651,2013,7,0.73
64.29623,46.940285,2015,6,29.9
28.386513,-36.72415,2012,11,14.5
-14.960712,2.2253718,2012,4,5.5
41.35427,48.47716,2013,6,19.41
5.281385,-9.74365,2010,1,9.01
61.58211,-19.055319,2010,7,17.95
21.822536,-53.03174,2009,12,8.23
30.749456,-50.797222,2010,8,10.37
-25.638668,-34.75864,2011,7,4.72
-56.455765,-7.59915,2016,9,-2.31
-26.888945,55.852715,2012,2,11.72
-1.5430782,-12.989868,2011,1,9.03
1.4988341,-7.873814,2011,4,7.48
27.160051,-0.06895397,2009,8,13.04
51.73559,2.4602911,2014,10,17.03
62.94191,-2.1755528,2012,2,15.44
-13.842524,36.124203,2009,3,12.16
-28.61683,-9.983946,2009,7,8.14
-42.58614,-64.69236,2016,5,-6.11
-60.333405,30.685278,2009,4,-0.86
60.808804,31.962101,2015,7,27.15
21.38302,-23.15084,2016,2,10.23
17.244293,30.454943,2013,10,16.44
-23.147305,-4.3032813,2012,11,10.03
-36.948925,-60.773773,2015,5,2.66
-19.444986,-13.05901,2014,12,8.74
23.246021,22.837425,2009,10,16.42
-57.268494,42.924767,2010,5,-0.77
12.571237,-12.46186,2011,2,10.36
2.0099907,-18.669918,2011,3,9.57
16.561537,-11.188404,2010,2,14.7
-1.2749468,-43.082428,2011,9,10.4
-35.13225,11.680346,2014,12,1.3
34.230804,6.076496,2010,5,16.86
-5.7829,17.045614,2009,1,6.54
-17.389668,-57.937077,2011,12,-1.27
57.795815,-9.820624,2012,1,19.4
-28.977009,-8.570562,2009,8,8.29
-67.156494,11.734222,2015,6,-2.85
-10.378914,-69.62421,2016,9,-2.66
31.574768,32.38545,2013,10,22.24
-27.19808,-49.21728,2015,12,5.25
-77.14399,-2.218214,2013,12,-1.49
34.261356,14.568722,2013,8,14.87
3.5810792,-8.515182,2011,4,10.35
-49.902493,33.932922,2012,5,2.14
-36.282158,31.95733,2013,5,4.26
60.093723,28.135927,2013,1,28.66
6.847015,44.354652,2015,2,14.65
-61.698223,44.431934,2011,7,-1.06
71.53252,6.224067,2009,9,22.56
68.32872,0.29915154,2012,5,20.94
16.129045,47.857216,2015,10,14.19
16.129635,33.92514,2012,10,16.27
-28.067585,-14.770327,2010,11,6.77
-23.139147,-54.247784,2012,8,-4.86
48.738617,5.2678075,2010,8,20.05
73.57934,-16.970833,2014,11,18.66
-72.71918,12.311416,2011,6,-2.14
47.55916,33.746048,2016,5,23.24
-5.707479,50.905308,2016,9,4.93
-17.052217,54.55536,2014,9,12.49
-40.050625,18.870838,2016,6,2.34
1.4704765,10.271778,2009,1,15.85
1.1559579,-70.73572,2015,12,11.47
-65.41006,19.743757,2009,5,-3.23
53.545525,19.06398,2013,10,22.26
-16.590128,-68.19553,2014,8,3.42
51.705303,27.27714,2009,7,22.47
12.096614,3.2344196,2009,4,14.83
15.59305,-27.563683,2014,5,7.38
-10.421468,-27.414557,2011,4,4.12
67.27265,6.6610947,2013,9,20.7
61.343422,13.984762,2011,5,21.26
-28.633078,-27.86657,2010,8,-2.17
-16.83019,-45.937393,2013,9,7.94
49.68813,46.485817,2013,7,25.52
-13.053067,24.289654,2014,7,10.66
-6.3577695,22.050205,2010,4,5.68
24.63431,-36.908764,2016,11,12.94
-70.500824,3.7694328,2010,7,-4.19
-2.7962332,40.71459,2011,4,4.66
56.65466,-14.333634,2011,2,17.72
35.03518,-53.028778,2010,7,14.03
27.734676,18.743734,2009,8,18.58
11.611368,29.079819,2014,12,14.03
15.571897,28.513891,2014,7,14.97
21.714901,16.48014,2015,11,15.96
-78.96139,16.554691,2012,11,-11.5
27.765167,7.5571465,2009,9,15.54
60.71241,44.947357,2014,5,27.52
-77.52578,21.08255,2010,8,-12.31
41.994465,3.951132,2016,11,15.75
64.108604,-28.978456,2014,6,17.12
53.45665,-2.180539,2014,6,18.02
34.134525,-51.435207,2011,8,11.3
43.808846,4.5506706,2015,12,20.08
35.830368,26.58091,2010,6,20.15
-36.673717,-50.104385,2009,2,0.5
-16.059175,1.4056039,2012,4,5.65
52.990097,19.595104,2012,10,23.8
19.529732,-19.719658,2014,1,10.99
-29.332048,23.825182,2014,11,5.86
17.498537,50.499954,2015,9,15.8
13.210833,41.705723,2010,3,20.19
-71.46339,3.2272928,2010,9,-5.62
-32.89353,31.421934,2014,7,6.85
-4.9217157,-32.314392,2013,4,11.68
-26.27317,-9.507288,2009,10,7.7
-11.263219,35.163067,2009,4,8.35
-38.119637,-3.4342928,2009,5,-1.7
40.464325,-38.447075,2016,12,15.1
-35.70549,-64.3123,2013,1,3.48
65.407715,47.192646,2015,7,32.0
-60.64796,3.220753,2013,8,-0.83
75.28554,-14.990174,2014,11,20.64
53.33109,26.1331,2012,6,22.33
-63.19399,2.757367,2013,10,-2.93
23.639158,-19.277393,2016,3,10.38
24.866213,-45.337364,2013,11,10.37
32.043087,-6.930969,2013,8,12.96
-15.630099,17.475037,2015,10,4.05
18.653877,-28.111895,2015,6,7.94
69.291794,-8.166583,2014,8,16.94
2.7261813,-69.062645,2016,10,6.94
-19.64194,16.507734,2012,12,9.6
11.068576,10.300272,2009,3,12.19
-32.823715,23.465446,2014,11,5.16
58.6662,-5.43587,2014,6,20.81
-5.398632,-49.58208,2009,12,5.05
11.812503,7.036663,2009,3,13.89
-4.330562,4.2246213,2013,5,12.37
-35.25664,-16.509396,2012,6,7.35
28.962687,-54.202854,2009,9,11.92
-3.6509554,-21.139551,2009,2,7.03
14.924223,-40.186295,2012,7,8.92
49.768642,-7.123663,2015,3,14.67
-18.903055,55.797604,2016,9,8.69
-57.258884,14.711072,2013,3,-0.74
-49.623894,-3.0099487,2014,6,2.57
24.101152,41.045715,2016,11,19.17
19.593786,37.649605,2016,11,16.36
5.6937227,53.673626,2014,7,14.89
10.220563,-18.43202,2009,6,9.64
-3.9380803,-56.810413,2011,9,5.8
-45.403934,21.8396,2015,3,0.18
-40.129772,37.96005,2016,2,6.31
-30.305891,-65.95022,2016,1,5.51
15.004338,18.616798,2009,12,9.48
15.810639,-4.762496,2013,1,15.57
1.5757705,-32.539207,2011,4,9.56
-52.917255,9.34909,2016,7,2.0
15.918755,-9.592186,2011,1,12.79
31.748589,-7.0318346,2013,7,13.55
-66.96339,24.05332,2011,4,-5.57
-22.83452,28.287767,2011,12,3.86
66.72944,0.96497536,2009,2,20.57
-46.77719,46.63647,2015,1,2.35
-35.360023,22.539965,2016,10,2.34
-33.14526,-74.5476,2013,2,7.29
45.566303,-32.26058,2014,5,12.92
-14.939136,45.001564,2011,9,8.43
-13.183681,-56.3676,2010,11,-0.57
-2.0606058,-12.114285,2012,1,9.71
28.236044,4.62319,2011,7,14.17
29.559732,-39.173214,2013,11,14.16
53.51232,27.55042,2011,5,24.69
-5.436421,43.140255,2011,1,12.6
-24.537252,44.798965,2014,6,3.06
-8.311219,32.175327,2010,7,9.57
57.99802,-21.521706,2010,6,16.94
-7.75109,-48.532665,2011,12,2.86
-38.832256,39.811005,2014,3,6.57
36.398247,31.753483,2010,12,22.83
57.74198,16.451834,2013,3,21.29
42.41112,-9.67411,2011,11,16.21
49.72345,0.8943887,2012,8,15.79
11.212892,-35.23077,2009,6,10.72
-48.762703,-7.3375387,2015,7,3.5
56.67733,-21.906721,2011,4,15.83
32.658302,13.894506,2012,8,17.09
-47.07797,41.401176,2013,3,2.54
-52.95348,-10.099263,2015,10,-0.87
-25.357162,-13.247983,2011,11,9.72
42.755848,-26.572205,2016,4,16.48
-17.641459,-29.424183,2011,6,2.46
3.115035,0.4973698,2015,8,10.86
1.8730445,-17.324928,2010,1,9.63
35.503857,29.595028,2012,10,23.25
21.169353,15.010294,2015,10,14.23
1.1022424,7.919983,2012,2,14.88
8.571514,-51.393517,2014,10,8.16
-26.73528,15.351398,2015,12,4.4
50.3462,-4.571427,2016,5,16.55
56.53158,49.631977,2015,3,28.72
2.1729522,25.096945,2009,9,10.28
63.2513,-27.701553,2012,6,17.59
-45.85405,19.726803,2014,2,1.55
-14.148585,-64.893616,2013,7,0.79
28.240578,19.319456,2011,8,17.13
35.13046,-48.409107,2009,10,17.28
-38.80859,40.56472,2014,2,4.4
-2.0110059,-50.645264,2009,11,6.21
28.597847,12.658262,2009,4,20.03
-37.58821,-13.270574,2013,8,4.59
-29.315592,-8.5048685,2009,7,6.79
-38.738834,11.561195,2013,10,1.55
14.32453,-43.000614,2014,6,7.53
46.445625,5.3985386,2012,9,17.17
35.73105,-45.87427,2010,12,13.14
-21.050343,-15.29466,2015,9,7.36
6.1099315,-62.775433,2015,12,5.94
-4.5323105,4.6386313,2013,4,11.71
-21.146227,-28.90931,2010,6,3.99
62.63994,-26.391365,2011,5,17.81
20.239914,-10.5878935,2012,3,14.49
-10.894373,-67.98406,2014,9,2.7
-13.502088,43.727818,2012,7,7.95
17.322222,-26.36957,2014,4,8.2
-21.931376,26.479681,2011,10,6.04
58.61075,-31.072973,2011,7,14.38
-44.07869,0.18345639,2011,6,2.52
-62.980442,-1.7870529,2011,9,-2.19
43.04669,-27.421339,2016,5,15.92
-42.54462,38.19619,2014,2,3.03
-34.03614,-61.52045,2016,3,2.18
33.170856,20.320524,2013,7,20.44
50.40255,7.4940786,2009,11,17.78
-6.4828606,-62.742996,2015,12,6.02
-24.972336,31.366898,2009,9,4.82
-43.868935,31.150826,2016,3,-0.23
-44.66597,19.905165,2016,3,1.59
-47.55429,2.3865967,2015,1,2.22
-22.78167,16.471653,2012,10,2.71
-26.802551,-40.763508,2010,12,-0.48
22.362585,-35.365067,2015,10,9.46
29.452236,8.07496,2011,6,15.19
63.68283,-28.085358,2012,7,18.11
-12.54083,51.156918,2014,12,11.21
27.626703,-31.779964,2016,10,11.9
15.538956,28.671312,2014,8,15.96
22.421791,1.188937,2009,10,15.48
43.98343,-34.880283,2014,7,15.4
55.959667,41.242878,2010,3,28.41
-22.897049,-54.72889,2012,8,-4.7
-35.69416,30.217768,2012,6,3.72
-8.408233,-59.953354,2012,10,4.67
-12.459723,18.0808,2014,8,7.72
-25.417578,4.3522997,2011,8,7.1
15.02559,11.665236,2013,7,15.4
8.526644,20.261494,2009,12,12.61
-9.70204,30.084394,2011,7,4.88
0.46496156,50.352375,2011,1,16.21
-5.134815,35.675358,2010,6,13.74
-71.36723,29.517683,2011,1,-9.52
73.53796,-5.1797543,2015,12,18.64
-53.14428,24.025373,2011,1,3.91
45.03912,23.148184,2016,4,21.98
-31.677347,36.497356,2012,2,9.07
22.846111,53.706142,2016,11,20.67
39.03023,-47.115383,2011,12,17.24
-41.515064,-53.019722,2014,2,-2.35
63.205173,-19.190432,2009,7,18.65
-70.85355,28.356768,2011,1,-8.23
59.50962,21.147692,2011,4,21.45
8.586374,-53.449707,2012,12,9.47
26.35648,-44.76203,2012,12,13.07
26.16068,10.523811,2009,7,14.83
-58.396446,21.541195,2009,2,1.48
-47.327164,52.16886,2015,5,4.56
37.538174,1.7500995,2010,5,15.62
31.484188,-18.625515,2013,8,13.65
68.61839,-10.194159,2011,8,15.55
35.206303,-56.058826,2009,6,14.68
-0.3658003,-10.766622,2011,1,12.12
4.6198497,53.64549,2014,8,13.07
18.318903,-53.65937,2011,12,8.04
58.750656,-5.8092585,2013,5,22.53
-7.901384,-46.665203,2011,9,5.26
23.706696,-49.927135,2009,11,10.37
-34.577213,-60.896187,2016,4,1.64
-29.808323,-67.271095,2016,3,7.23
-0.45206195,9.777652,2010,4,15.74
11.417898,-5.5067515,2011,1,11.77
59.420017,-28.224619,2011,6,14.75
40.527008,54.030735,2013,7,23.72
-12.452639,42.815456,2011,5,12.01
55.318295,50.065323,2015,5,27.78
-77.72363,2.553339,2010,10,-6.36
65.52522,43.319244,2016,12,28.75
-39.841038,27.382008,2013,5,0.53
-49.35294,1.4459726,2013,2,0.38
48.680916,-11.206594,2016,3,16.32
-56.372665,41.993496,2010,2,3.92
30.652546,10.28819,2010,4,15.48
-48.365654,52.670803,2015,7,7.12
-20.824312,7.8557587,2013,7,5.2
39.251102,-26.535976,2016,7,18.35
53.45979,10.935625,2012,11,22.44
-44.34602,42.36592,2015,2,1.73
53.942066,41.475464,2009,1,28.89
49.41233,35.36824,2016,7,24.38
54.833725,52.680016,2014,3,25.95
-9.537785,-53.96259,2010,12,0.82
-38.36249,19.843288,2016,7,3.26
-30.734638,-70.3065,2015,5,5.81
-83.18157,15.050635,2012,10,-10.31
55.28848,-19.649328,2012,3,18.27
49.780815,-2.02863,2013,4,15.3
-9.50086,-25.961975,2013,5,6.3
15.700145,-45.48114,2013,9,9.96
-23.331457,-40.709366,2011,9,0.9
22.882122,32.80558,2014,12,17.25
-50.28135,28.881376,2010,3,1.22
47.619946,42.592266,2009,5,22.4
-17.098597,-54.395733,2012,11,-2.83
-17.867222,-54.375473,2011,11,-0.74
-27.998241,-41.715214,2010,12,-4.73
22.875656,-40.820145,2012,8,14.43
-46.02137,24.125856,2012,4,7.18
-11.618561,-24.059797,2009,5,5.74
-36.540455,11.276246,2016,12,-1.21
-51.082287,-11.325317,2014,10,0.39
49.548244,25.746346,2011,7,20.52
37.806797,-12.808678,2014,11,13.0
14.429799,-1.6342766,2012,4,14.57
54.519012,33.628418,2016,2,21.33
28.90163,35.96897,2015,12,25.16
15.326883,49.6158,2015,9,13.35
-53.39417,33.205257,2011,2,3.42
-77.9381,8.429704,2010,6,-4.49
-21.577444,18.883293,2015,11,4.16
59.489525,-21.180565,2009,5,15.08
50.800262,-14.346801,2012,4,14.74
15.228265,49.437798,2015,8,12.96
18.638458,-18.93942,2012,1,13.47
7.659354,-27.159903,2016,7,10.02
47.259842,15.490176,2011,1,16.4
-26.584055,19.702377,2012,8,5.75
-16.578394,-27.567484,2012,6,3.54
54.207207,-18.066961,2014,2,17.24
-13.164125,-32.247433,2009,4,3.21
66.02142,47.11027,2015,8,28.76
15.756288,-23.113222,2012,3,12.26
29.257015,-29.648745,2016,8,14.81
58.238586,3.6770763,2011,2,18.82
-19.213425,-11.467855,2014,11,9.0
-26.129545,34.28483,2009,10,0.56
15.789424,30.905485,2011,9,15.72
-26.506659,12.404196,2015,9,1.54
-36.62787,14.854487,2016,11,3.09
-16.760094,49.617714,2013,9,8.5
-44.934635,48.809273,2015,4,2.48
49.33626,-9.818569,2015,3,16.72
-35.29237,12.752613,2014,10,0.41
-17.741396,-19.923138,2014,12,9.17
-5.991369,-6.3783636,2014,3,11.05
-47.76941,29.69096,2009,4,4.74
12.048307,-11.429731,2010,1,9.97
-34.07098,36.49651,2014,2,10.03
45.486336,42.049942,2011,2,24.86
39.321667,29.431435,2009,9,23.78
-10.411294,34.822945,2009,4,10.47
-17.726421,-19.905664,2014,12,9.27
-36.406307,11.542833,2016,12,0.2
1.7272551,-67.49834,2016,9,6.72
42.54078,-24.953367,2016,3,16.27
-30.668024,-35.76223,2009,9,7.19
-19.42608,19.42662,2012,11,7.3
-33.33701,-68.91072,2016,3,4.95
19.823439,24.055283,2009,7,16.02
32.88515,8.271837,2011,5,16.74
25.5644,45.846508,2014,12,19.53
35.167576,35.6932,2015,4,21.74
13.936393,-46.82436,2014,7,9.67
36.71771,-15.059031,2014,12,12.65
13.986031,23.340023,2009,12,11.8
56.52473,-4.5448422,2012,5,19.58
11.078601,-2.3943524,2010,4,11.84
43.59117,4.469074,2015,12,18.92
51.566845,15.662182,2012,9,21.36
1.8086358,-64.060974,2015,7,9.44
42.715153,0.42698947,2014,9,15.67
19.895035,7.324104,2014,12,14.71
21.530851,23.278646,2009,7,15.14
-8.460345,-3.5310738,2015,1,7.72
-40.131042,-3.3645444,2009,4,-1.82
-4.5881176,32.489136,2011,6,11.39
41.163864,23.43412,2016,4,16.07
16.522219,-5.015985,2013,2,14.92
21.692001,-22.384813,2015,3,12.47
-80.8456,18.739767,2012,12,-14.56
-38.47543,-6.4249725,2009,5,0.47
-8.182863,-73.10989,2016,10,1.72
-0.76908624,-65.6345,2016,10,11.72
40.23455,-33.33734,2016,9,17.14
-21.291672,9.668155,2013,9,5.69
37.7416,-12.860735,2014,11,13.0
-62.29681,40.92424,2011,4,0.62
-18.71673,-30.984379,2010,7,5.56
-76.21226,2.2828448,2010,10,-5.5
-1.1176379,-15.859416,2009,3,7.41
41.61037,-2.0761619,2013,9,14.05
7.0337,22.908262,2009,9,16.98
61.45724,-18.101936,2011,7,17.11
59.934845,-28.878338,2011,7,15.75
1.6732929,-48.65684,2011,8,4.91
-32.25102,22.372591,2016,12,4.19
73.738045,-11.267076,2016,11,20.66
-7.7208843,-49.588825,2011,12,6.06
-28.48272,50.880367,2012,4,4.3
38.13525,-45.237347,2011,12,12.92
-11.120356,-0.32846776,2016,2,5.08
-28.903694,-27.412907,2010,6,-1.45
32.53215,53.050648,2011,2,19.37
-65.82436,31.43038,2011,3,-4.08
-18.56837,-64.993515,2011,9,2.64
-60.348125,31.922428,2009,4,-1.51
-67.50533,11.670492,2015,6,-2.87
11.996918,-6.153135,2011,2,11.75
-2.809438,29.046337,2011,8,10.8
-36.776775,-23.430511,2010,11,8.81
-25.944983,15.57381,2014,12,2.94
-25.255297,29.359531,2009,11,1.59
7.5250063,46.590942,2016,5,16.17
13.450199,6.8118424,2009,4,17.22
-67.75369,33.755684,2011,1,-4.35
2.7675571,-20.32996,2011,1,9.04
53.465446,16.68541,2013,9,21.7
22.663017,-18.54837,2016,3,10.98
-5.264023,-37.41372,2009,7,7.89
-14.258518,35.191277,2009,2,11.73
18.483925,30.762217,2011,9,18.22
-22.130875,35.584072,2013,10,7.4
-24.48785,-54.012043,2012,6,-2.37
65.45064,0.7278729,2010,5,18.49
-36.361214,36.042984,2015,2,2.79
-47.790905,-19.161976,2016,11,2.8
-46.12294,52.025806,2015,6,6.01
56.108818,14.681787,2013,1,19.45
23.52483,22.889503,2009,11,15.77
-64.81209,25.909311,2010,4,-3.34
-51.02118,39.733875,2013,2,-1.27
2.242534,-48.929623,2011,8,7.8
31.322084,-43.755817,2012,10,17.38
-9.650762,-74.89406,2016,9,3.56
-44.11579,37.59608,2014,5,3.0
54.49035,-3.1291175,2014,7,18.55
-7.3484015,-26.822859,2012,3,6.99
28.91283,-29.037527,2014,7,12.16
-64.78375,19.607986,2010,3,-3.25
33.941555,-4.6715474,2013,9,13.79
-68.51048,-0.59128165,2010,10,-7.31
51.667557,-5.1621366,2016,4,18.56
49.121353,-9.393417,2016,1,16.46
31.149687,51.34918,2015,4,20.84
58.571266,-17.704733,2011,4,19.79
-58.087643,35.7668,2010,1,1.56
-8.4487505,27.586262,2011,9,5.62
9.32666,-49.342205,2014,10,12.1
44.709736,24.820105,2014,4,20.73
-65.0979,2.3424392,2010,11,-4.27
-24.026007,46.50196,2016,6,9.39
40.592686,-47.978542,2009,12,16.11
54.081963,-0.7582163,2013,4,18.09
-18.168852,17.96245,2012,11,7.43
3.9905498,41.873486,2013,5,12.77
46.836636,41.367546,2009,4,20.53
-18.781261,-8.7063055,2014,10,7.97
-29.137083,-2.6123278,2011,9,7.17
-83.31439,20.049816,2012,5,-19.42
-43.217262,43.326572,2016,1,2.98
-11.350091,-27.627949,2009,4,3.81
-28.202982,-28.323374,2010,8,-3.61
44.532734,41.90664,2011,1,21.19
41.3388,48.51528,2013,6,19.84
-36.332314,-3.6507049,2009,6,3.86
33.237194,-26.215225,2015,8,13.1
23.331282,23.072353,2009,10,17.76
-7.9644012,-57.705204,2011,10,6.18
-47.144394,20.920488,2014,2,2.99
32.674988,13.663145,2012,8,16.05
-29.301443,8.711327,2012,8,2.57
-13.240726,24.241472,2014,8,12.13
-43.2628,1.0551813,2011,5,2.37
26.405836,-47.649204,2011,9,11.82
-1.0685558,-9.035136,2012,2,9.19
-29.377739,6.6110377,2011,10,3.16
-19.650135,16.451033,2012,12,9.56
51.53924,-23.854628,2011,1,12.8
36.315285,-3.7876904,2011,11,14.55
-40.74872,40.884323,2014,4,3.34
-19.20395,22.891205,2012,12,9.67
10.41685,5.699972,2010,5,12.43
-17.038673,22.465784,2012,8,6.33
65.035095,-7.9981127,2014,4,18.83
35.04555,-3.524779,2014,7,15.04
10.144905,-33.47912,2010,7,9.17
68.7431,-0.31235743,2013,5,23.73
45.532425,42.825554,2012,1,22.82
1.1901265,-18.72677,2012,2,7.88
-14.031715,-34.533543,2009,3,2.25
71.78278,5.8301697,2010,7,21.07
-29.031763,49.446796,2011,5,8.56
-22.13814,48.115387,2014,7,10.52
-33.751278,-19.886948,2010,6,5.54
-76.26464,2.5663738,2010,10,-7.27
24.674316,53.38323,2016,8,20.63
-11.160357,-1.2331189,2016,2,6.08
60.171978,51.613865,2013,2,33.84
-4.100498,-44.245686,2011,7,7.9
6.428338,-9.655113,2012,1,12.02
18.560432,51.449165,2015,9,15.81
-17.986504,52.164394,2015,9,9.04
61.40074,15.784089,2012,3,20.92
-65.419334,25.660763,2011,3,-2.76
-61.91563,34.93105,2010,1,-3.96
-8.556561,-42.391052,2012,6,5.27
-62.488956,15.412319,2010,4,0.55
3.4213939,0.06710919,2015,9,10.89
-12.444667,-65.6073,2014,8,2.8
-20.286724,15.560574,2012,12,7.59
17.975634,3.3885927,2015,11,15.27
-68.54416,32.95804,2011,1,-7.99
-45.884018,-11.551809,2016,8,-0.67
-9.010688,-73.2059,2016,7,2.35
24.745945,53.469936,2016,9,22.96
-20.490301,-52.174366,2012,11,-4.9
29.647243,-16.772886,2014,9,11.99
-41.82754,24.003473,2016,4,-1.31
12.644738,3.0549157,2009,1,14.99
51.66136,-15.094361,2012,4,17.05
-49.356117,43.08053,2013,4,2.79
33.2792,2.9928737,2009,9,13.33
4.214333,15.284221,2009,5,13.34
-77.359215,15.068516,2012,12,-5.38
9.1509905,45.049683,2015,2,14.35
17.55369,-11.521903,2011,1,16.14
-39.43358,29.998674,2016,9,0.6
41.47227,-26.212957,2016,5,16.12
-12.361483,-65.874596,2014,8,2.35
-12.665316,-23.766682,2009,5,4.08
-29.471292,-6.810638,2010,8,6.98
-55.47396,23.985106,2010,1,1.81
58.2478,3.4834287,2009,2,16.77
38.341496,6.66867,2012,9,17.55
-71.75473,25.968355,2011,4,-5.65
48.598248,34.857433,2016,8,24.04
-48.292286,26.86645,2010,3,1.02
0.04600332,-44.103794,2012,9,9.16
-6.9308724,43.3194,2009,1,12.23
9.55956,-38.970894,2011,7,9.1
-18.659061,-56.268135,2012,12,-5.45
46.87187,-1.9696437,2015,7,19.21
53.80205,6.614342,2009,10,18.08
-55.689964,9.804187,2012,7,2.58
20.272297,24.09106,2009,8,16.81
59.297424,-24.243198,2009,2,17.17
10.818994,38.70596,2010,6,15.4
17.852217,4.954821,2016,9,17.61
41.731953,-48.530014,2009,9,16.7
59.131542,-30.741875,2011,8,15.92
-43.082874,44.596565,2015,3,5.37
4.194689,-20.24974,2010,2,10.58
-32.73604,46.84665,2013,3,1.17
-49.385754,0.8803848,2013,4,0.55
-11.786252,-73.12882,2016,6,4.74
49.47099,26.941496,2012,6,20.64
-24.549873,-0.7628212,2011,11,5.35
-12.937838,-31.56645,2009,4,3.38
-22.05777,-63.824837,2014,9,-1.1
-11.140268,-70.90446,2016,8,1.91
-36.895794,20.347311,2016,9,2.6
-44.351982,-61.638577,2016,3,-4.57
-70.47873,16.79794,2011,2,-2.89
-84.00733,-2.1834955,2013,12,-5.62
-26.494873,-44.34099,2012,11,-3.07
38.947887,43.19764,2015,2,18.92
-46.003788,46.24315,2015,1,6.49
52.44264,-23.38513,2011,3,15.04
43.47384,19.858124,2016,1,19.92
34.090218,-38.477455,2014,12,14.95
-66.35145,4.094489,2010,12,-9.75
-41.380302,12.780246,2013,9,2.76
10.036015,-26.897446,2016,8,7.77
2.8735368,-66.83157,2016,10,8.83
-23.055513,2.0036144,2011,7,8.3
-38.334064,34.15923,2016,5,4.77
-49.564503,49.097572,2015,7,-0.52
-50.078087,21.702864,2015,2,0.64
-34.36171,1.7835759,2009,10,1.64
6.1769433,23.856287,2009,10,15.12
-34.02043,13.684472,2014,10,2.1
37.16478,36.864563,2012,4,18.81
1.1399492,-68.12991,2015,8,5.65
-8.534963,29.854153,2011,9,8.76
42.531715,-4.916565,2014,11,14.6
-49.725666,4.2455144,2013,1,0.0
-83.33642,-2.2776427,2013,12,-6.05
-65.791794,34.212067,2009,3,-2.37
56.360916,-18.468912,2010,2,19.38
40.96557,53.07434,2013,8,23.46
-76.349236,3.0984654,2010,8,-8.74
60.313347,51.594234,2013,2,34.31
-15.122131,22.851656,2015,8,11.0
-22.838322,28.170689,2011,12,4.03
65.75625,28.48266,2009,1,24.33
-35.4696,-62.134262,2015,4,4.24
29.984055,-38.03574,2014,12,12.06
-8.56435,-27.686195,2012,1,4.2
9.621378,-38.744274,2011,7,10.37
32.497,23.037354,2012,7,19.91
33.528496,49.406826,2011,8,20.35
-65.612076,-5.317077,2010,12,-1.62
-55.286293,9.4845085,2012,7,2.23
-7.301614,43.586266,2009,2,13.73
65.096016,1.512762,2012,3,19.21
-32.005253,4.7645707,2009,11,0.35
-18.372536,47.65224,2014,12,7.18
-43.64994,-51.67014,2014,1,-1.6
28.34133,4.6620374,2011,7,14.94
-17.851921,-54.497574,2011,11,-2.35
60.787064,-26.461851,2011,5,16.6
41.727875,-36.589428,2013,10,14.89
-44.762722,16.843801,2014,5,3.61
-63.871284,27.20039,2009,4,-1.49
2.3310666,-33.080772,2012,4,8.69
-56.79302,38.220753,2011,3,1.08
-67.65343,28.51922,2011,2,-2.23
-34.20921,-64.10123,2013,1,2.98
56.78779,14.657516,2013,3,17.98
0.9206252,-19.960585,2012,3,8.88
46.220367,-32.559002,2014,5,13.31
-55.42902,12.908081,2012,6,2.65
32.962208,-52.43822,2010,8,12.05
-58.05,26.702864,2010,2,-4.17
71.59571,-0.5673796,2012,7,20.95
51.58128,-14.027959,2011,3,17.06
-39.248882,-59.174427,2013,3,2.54
-15.136294,38.532913,2009,5,9.03
5.8441186,-9.289522,2010,1,9.52
5.671883,41.32806,2014,5,12.84
57.676445,41.73748,2010,6,26.17
-58.028202,41.489872,2010,3,1.87
41.301308,35.623104,2011,2,21.3
-60.903625,28.077784,2010,2,0.43
-6.623132,5.9673676,2011,3,11.23
3.507524,-43.497406,2012,10,9.59
48.800926,31.563639,2014,5,23.82
-2.0513113,-64.79525,2015,11,10.9
-63.557823,-3.5307887,2011,10,-2.47
-3.1305761,-51.758053,2009,11,6.26
12.886258,-35.398376,2010,6,11.0
-42.738045,-52.189472,2014,1,-0.39
21.300047,7.2138357,2010,12,13.29
-13.509888,-6.5044827,2016,6,8.64
-43.01446,49.682606,2015,4,1.95
32.53852,-18.62741,2012,6,15.16
46.640175,40.808197,2009,4,19.11
1.6311499,-63.8589,2015,7,9.91
12.684056,-34.664837,2011,6,11.88
18.372507,-19.84987,2013,1,11.48
69.224205,45.11366,2014,9,29.22
17.120193,43.987324,2015,8,14.9
27.268574,14.750606,2009,3,17.67
-2.820636,29.080189,2011,8,13.33
3.6444392,-59.05975,2012,12,7.25
68.805725,30.034578,2011,3,22.87
-67.21965,32.277058,2010,2,-7.08
73.65666,-16.955446,2014,11,18.05
22.399792,32.664467,2014,11,16.06
17.170792,32.727066,2012,9,16.95
-7.882672,-26.367079,2012,3,6.91
13.126011,-38.013264,2009,7,8.44
-12.59005,-38.716064,2011,5,0.48
-4.491496,-45.623146,2011,8,5.08
28.26214,-31.049698,2015,9,12.16
-40.52608,40.751568,2014,4,4.85
26.778538,-9.014249,2014,3,11.3
10.710752,25.071606,2009,9,16.24
-56.263405,-1.4234474,2012,7,-0.32
-62.009968,29.688257,2010,3,-1.9
-39.184334,-62.194416,2013,3,-0.12
35.106277,-30.648575,2016,9,15.71
8.765926,43.4521,2014,1,17.25
7.583728,-45.90239,2014,5,8.75
-1.1771384,-48.581726,2009,9,3.4
-70.80955,28.206013,2011,1,-8.25
28.506647,27.541845,2009,12,20.84
27.401855,-12.426998,2016,3,10.36
65.33119,43.89593,2016,12,30.24
3.6133087,-61.413208,2013,10,6.73
-54.589096,7.886485,2013,8,1.18
34.61162,-47.35989,2010,11,15.14
63.285725,49.135666,2015,2,30.7
33.951645,-34.79707,2015,8,14.93
46.597206,7.690319,2010,7,18.71
26.211596,22.599415,2011,12,17.65
-4.3057594,-6.738969,2014,2,11.81
19.340239,15.170437,2015,9,12.67
50.38569,-4.6597314,2016,5,16.7
-69.748314,-0.14409351,2010,9,-7.71
-30.354538,4.1314616,2009,10,2.54
36.658806,-24.519472,2014,9,17.65
-12.041741,-15.912197,2013,1,6.87
4.873525,30.921612,2016,5,12.76
40.045372,53.226677,2013,8,23.07
65.55723,-18.859467,2012,8,17.36
18.195225,42.45962,2014,9,18.43
36.22168,-49.01849,2010,9,15.25
-14.711508,48.08671,2011,12,7.26
-9.674126,33.269196,2010,5,8.84
-9.220744,-73.039055,2016,7,2.34
43.87536,-47.38553,2011,11,17.54
-41.67293,4.0890985,2009,3,1.92
37.03252,-35.943768,2014,9,13.8
-57.821762,34.924366,2010,1,2.1
-11.471723,-71.184135,2016,7,1.45
-42.428333,-61.750248,2016,3,-2.42
-75.21195,10.424724,2011,6,0.17
-17.225288,6.52092,2013,4,9.1
36.40531,-7.4885273,2012,12,10.28
72.502884,-1.7667006,2014,8,19.3
-17.302166,20.55069,2012,9,5.7
-47.588703,44.283215,2013,2,5.08
32.0201,35.733826,2015,8,20.06
-46.665092,7.4502254,2010,6,0.23
6.391402,53.395073,2014,9,17.19
14.308747,-43.087883,2014,6,7.63
-76.99423,17.703554,2009,8,-6.31
7.6194344,32.43294,2014,7,11.87
-20.575243,-15.101918,2014,10,9.28
-36.28444,40.1816,2014,3,8.43
-14.3734045,33.567436,2010,3,8.8
-20.477655,-52.17083,2012,11,-4.75
41.61917,52.449493,2013,6,23.55
6.2908106,-58.666546,2013,12,2.99
-31.606382,47.50644,2012,4,4.08
-21.943209,17.410328,2012,10,4.84
40.14869,-41.474613,2013,10,14.3
-42.71924,-64.24529,2016,4,-6.8
39.872536,-2.884527,2013,10,11.54
11.243121,-35.217205,2009,6,10.85
64.61094,46.092197,2015,8,30.06
-28.847298,-9.715761,2009,7,7.1
-4.233598,-64.45847,2016,12,6.97
-35.171005,-71.352974,2015,2,9.61
58.56073,18.203676,2013,4,23.07
3.725133,-35.239086,2010,6,9.03
-22.758812,-65.77878,2016,7,1.87
29.593962,-2.7315385,2010,10,12.56
27.771772,-11.081509,2016,1,11.0
-8.123619,32.368877,2010,7,10.5
-43.995693,-64.87465,2016,7,-8.28
-15.934145,-6.873997,2014,8,8.34
34.100662,-38.47697,2014,12,15.22
-28.25675,-47.283848,2015,10,6.92
-56.16788,24.250721,2009,2,2.59
35.53789,-44.2929,2012,12,12.47
-37.084373,23.406744,2016,6,2.6
53.841087,47.004723,2013,1,24.14
-10.625244,21.189138,2016,12,7.36
-3.8352497,34.350483,2011,5,10.85
55.316013,-24.785173,2009,2,16.04
8.911398,0.1207955,2013,2,15.38
-43.112415,46.901863,2016,4,2.14
-38.69327,-13.161841,2013,10,4.1
24.681856,1.2493558,2010,7,15.1
36.499317,6.699126,2012,5,16.61
22.59181,-18.639397,2016,3,11.2
-54.385292,9.394333,2013,6,0.77
-45.476913,50.494408,2015,6,2.08
-57.98757,26.923693,2010,2,-4.05
54.363388,1.1473981,2010,5,17.09
24.988281,0.5919403,2009,8,12.88
0.55942667,-19.876385,2012,3,9.25
-58.769543,32.69163,2010,4,1.83
32.983265,-20.09923,2012,7,14.5
-3.7245781,-34.220413,2013,6,9.33
-25.109245,-24.74934,2010,9,5.68
6.613302,-63.449005,2016,10,5.66
-13.106624,-33.02732,2009,4,-0.16
61.616226,13.009118,2010,5,18.06
-9.519195,-49.31773,2010,11,3.93
-23.711777,44.68681,2014,6,5.95
42.7088,53.298885,2013,9,23.48
-84.40875,-3.0519176,2013,11,-5.09
15.865479,30.698963,2012,9,15.21
-17.055487,54.54336,2015,10,12.74
53.763187,6.6177115,2009,10,18.0
3.5179813,14.91972,2009,5,14.03
68.96491,-6.141108,2014,7,18.9
25.634491,18.888832,2010,9,15.08
-32.277996,-71.19525,2015,4,6.98
-7.225426,-32.248493,2013,1,8.21
3.15776,45.54212,2015,1,13.7
-83.53207,-1.8246756,2013,12,-5.85
-39.105534,11.5617285,2013,10,1.35
-65.29663,2.794668,2010,12,-4.0
-5.669748,-3.7051563,2014,1,10.14
-40.477154,-62.399334,2013,3,-3.11
-84.52778,16.500422,2012,6,-13.32
64.7825,-20.006649,2011,7,16.74
56.889942,24.606043,2009,2,21.6
25.568405,-41.20024,2011,10,12.21
47.300636,-34.818695,2014,7,15.0
-82.58705,16.74414,2012,10,-14.37
-8.621913,-46.626457,2011,9,4.01
-19.896109,-33.479385,2009,10,3.52
3.514365,15.627025,2009,5,12.26
36.737152,-24.357283,2014,9,19.72
-16.406574,-51.085457,2010,9,-1.19
38.629128,-3.6164129,2014,10,11.45
42.33503,-45.540688,2011,10,16.18
-6.8903327,-4.1870956,2015,1,7.72
61.082333,38.411175,2012,9,25.14
-10.300809,-2.05483,2016,3,7.12
-27.44847,-50.193687,2016,12,-0.47
-4.488968,4.0885534,2013,5,10.39
-8.459522,-72.2149,2016,10,2.31
10.478536,-25.865084,2015,10,9.5
25.695637,53.582817,2016,6,22.12
-44.95806,-62.213043,2016,6,-6.27
-47.84186,10.498827,2013,9,-0.37
-30.649984,-5.9655337,2010,7,5.67
-12.757951,-65.640594,2014,8,2.28
-51.930122,30.14443,2010,2,0.58
1.3986894,-21.920994,2014,2,7.09
19.176575,-26.753077,2015,4,9.54
-28.705061,-28.118479,2010,7,-3.77
-37.664433,45.132366,2016,1,11.03
-66.54058,24.980534,2010,3,-8.53
1.694266,-28.827717,2014,4,10.29
49.975746,-1.5545307,2013,4,14.93
34.91312,30.808655,2011,8,22.03
21.627777,-24.409363,2016,1,10.0
42.13974,-34.41088,2013,8,17.46
-21.379116,-29.102154,2010,5,4.38
-3.8551223,-2.1782336,2013,4,10.53
-68.35165,28.22796,2009,2,-3.92
-11.29751,-55.427734,2009,12,1.42
-11.250388,-62.877,2015,12,1.05
36.48496,-5.5865273,2013,11,10.57
-51.048203,1.2022902,2015,4,-2.21
-35.80497,-14.623204,2012,7,6.99
27.61762,7.957687,2009,7,15.46
-17.14595,-58.08394,2011,12,-1.41
36.142937,-0.15344344,2012,6,14.39
-4.7100425,2.0636573,2014,4,9.68
36.95634,6.7151785,2012,6,17.96
-36.665703,-24.758532,2010,10,8.2
-1.1031163,-40.82304,2013,9,10.66
59.99741,28.708761,2013,1,29.14
56.548717,-17.868504,2010,3,20.63
51.563255,9.201263,2009,10,20.61
71.60529,-6.193564,2015,8,19.88
-40.864864,-3.2480178,2009,3,-1.9
-69.40561,28.559029,2009,3,-7.29
61.99917,-10.086622,2015,4,22.77
75.19014,3.002123,2013,7,17.98
47.436626,-28.872335,2016,3,15.65
-36.625107,-4.5209613,2009,6,2.19
-11.55271,-30.806416,2009,1,2.99
-38.642277,-3.9246054,2009,7,-1.36
31.500349,-22.64612,2014,5,13.23
58.215553,3.689572,2011,2,18.98
67.626816,43.99919,2015,12,27.67
40.380512,14.906667,2014,2,14.21
-19.333855,-21.652458,2010,12,11.6
65.25485,29.872015,2010,5,24.99
26.726435,-51.98942,2009,11,10.95
52.908733,27.945124,2011,6,24.23
49.069527,35.1547,2016,8,23.86
-11.264106,-33.286205,2009,2,0.97
60.88703,-25.889622,2010,5,17.11
-40.33167,-63.156742,2013,4,-3.76
21.536982,53.587776,2016,9,19.43
-21.199757,-11.619131,2014,12,7.5
-19.790953,-33.424316,2009,10,3.3
0.1179766,28.109175,2010,10,9.45
4.594491,15.769219,2009,6,14.7
3.2819362,-34.38722,2012,6,9.44
27.77336,-34.27855,2016,9,14.14
33.20635,-26.08171,2015,8,12.8
8.988741,-0.32017177,2013,2,13.93
35.641045,3.6370916,2010,6,13.97
-58.830235,9.526802,2012,5,3.82
-24.944847,-42.434383,2009,12,-0.01
-1.8586622,-8.6748705,2013,2,8.04
-5.6262155,-37.730984,2011,7,5.38
68.14227,8.687608,2012,4,18.71
-9.078844,31.008038,2011,8,4.58
15.817376,-27.008686,2015,4,8.84
-19.373781,-9.210378,2014,11,7.63
59.807785,-7.2432218,2014,4,21.9
-46.04884,17.27574,2012,3,3.6
65.37171,1.9674976,2012,3,20.72
31.373959,-39.75394,2013,12,11.84
-10.904612,-42.44619,2013,6,1.0
-19.10218,23.202065,2012,12,12.89
-11.651201,36.527298,2010,5,8.24
64.624626,3.1884735,2013,5,18.71
32.930916,2.9662952,2009,8,15.56
-58.21296,11.845133,2013,4,1.21
37.47151,-7.1473293,2013,12,12.95
-44.707954,7.7960806,2011,7,4.34
53.912277,26.81534,2009,4,23.59
-70.41306,17.015638,2011,2,-5.07
-38.563805,21.462664,2016,7,6.7
-12.316193,-12.296337,2015,3,8.66
40.712887,53.819218,2013,7,23.63
-49.63913,2.6501257,2016,2,-1.14
-10.714467,-2.6268222,2016,3,8.34
28.220886,-30.635658,2016,9,13.0
-32.178364,28.493114,2012,7,3.39
41.654842,7.46873,2016,9,18.44
34.939693,-46.11417,2010,11,12.22
-2.7480812,41.157784,2012,6,6.69
-51.912342,11.217164,2016,5,-2.74
-4.23396,34.670113,2011,5,13.89
-81.97845,2.597774,2010,10,-5.08
-51.846527,50.729935,2015,7,0.12
54.900448,-5.2334127,2014,3,18.44
60.516857,24.439219,2013,2,24.82
36.544548,-46.011017,2011,12,14.58
-81.99839,4.2431903,2010,8,-8.06
-63.283234,43.070824,2011,7,-1.72
29.542694,50.130547,2016,4,19.34
15.818157,-22.721067,2012,2,10.72
25.36613,-30.469069,2015,9,10.92
69.884605,-6.4563465,2014,8,17.53
-17.856207,-59.362316,2013,12,-0.05
-11.406059,-45.626083,2011,8,4.16
-36.170776,15.283221,2016,12,3.63
-27.52811,-13.938086,2009,11,7.72
-15.489409,-62.57438,2016,9,3.48
11.589368,-14.22622,2009,1,9.33
-46.990265,-18.780466,2016,10,3.28
75.22205,-15.185183,2014,11,19.86
71.75432,-1.5322747,2013,7,20.13
-20.731108,-63.527847,2013,12,3.46
51.796753,-23.809578,2011,1,13.47
-37.812923,-65.42474,2014,4,0.02
34.002758,-41.351536,2010,12,16.87
-7.253668,-57.561367,2011,9,2.77
-6.6590047,-26.053217,2011,3,6.61
-15.469716,51.710934,2014,9,11.42
-16.660685,-53.50161,2010,9,-1.42
5.676432,49.86785,2015,4,17.45
44.275818,3.770199,2016,10,20.03
52.21421,10.745072,2011,10,23.6
33.944466,17.384014,2015,8,15.1
-83.129814,14.18359,2012,11,-10.38
-8.504939,-61.55988,2014,11,2.91
55.6061,-24.752993,2010,3,15.05
6.8965316,-52.08092,2012,11,8.73
48.57764,22.010702,2016,5,20.59
-49.227417,2.662536,2016,2,-0.48
14.16928,21.457453,2010,12,11.47
36.777836,-48.59947,2010,10,14.18
-12.75785,39.224636,2010,3,10.6
-19.491713,-13.086441,2014,12,8.66
-28.479431,51.72182,2011,4,3.43
66.17341,33.39083,2012,3,24.05
-16.688585,-29.156752,2011,5,1.62
-45.82742,19.084068,2014,1,0.28
-38.593334,38.281277,2012,2,6.92
54.431107,22.05435,2011,7,25.98
-24.393633,1.6737487,2010,7,4.17
9.994798,-56.373024,2013,11,6.72
59.507683,24.758085,2012,2,24.63
37.095734,26.029055,2010,4,21.27
52.52992,-2.4726942,2016,7,17.65
4.472529,30.966417,2016,5,9.63
-14.424542,-57.46108,2009,10,0.29
-5.0164146,21.24491,2010,3,8.17
52.185257,18.185238,2016,8,22.1
39.936134,50.5296,2013,6,19.69
-68.75644,4.166253,2010,9,-6.78
-63.210125,25.135937,2009,4,-1.44
44.01884,51.008274,2014,7,21.25
45.17364,2.176935,2014,9,18.75
53.498272,29.441679,2013,3,21.66
-31.612623,50.863106,2015,1,2.8
-25.459417,-13.408548,2011,11,9.45
-15.444287,29.840626,2012,5,6.28
53.84694,47.441605,2014,1,24.99
-68.559906,29.371147,2009,1,-5.43
-18.205774,10.75411,2013,8,5.32
-5.105841,-55.447575,2009,9,5.11
-31.24709,-47.39449,2016,11,1.09
-17.839525,23.544716,2010,9,10.86
-13.777617,-28.006327,2012,4,1.4
10.278702,6.1468005,2010,5,12.02
-60.135338,-4.3675265,2013,8,-2.81
-43.47904,14.380543,2012,7,-0.57
-35.395718,42.639027,2013,1,6.59
-38.508884,30.68966,2016,7,4.65
-10.160214,-72.92071,2016,7,3.17
-22.231777,-56.491375,2012,8,-8.05
-57.53842,11.880907,2013,5,0.51
-47.721157,-15.855689,2016,11,3.33
33.577343,49.487255,2011,8,20.55
25.073624,-20.753311,2016,3,13.42
-49.59236,18.995964,2013,1,-2.74
-52.87761,-8.227232,2012,10,2.29
62.966644,-1.8565781,2014,3,16.25
-5.0813136,12.5526085,2013,1,10.09
-5.2984786,-9.927671,2012,3,5.93
56.97027,-29.68605,2009,7,16.26
9.001587,20.14259,2009,12,12.69
18.395683,43.90646,2014,10,17.39
6.4394064,-64.21194,2016,10,5.47
41.782623,-1.7810352,2013,9,14.14
-37.57907,36.591343,2014,1,2.43
54.066795,-20.34613,2013,2,17.43
-37.614616,19.144724,2016,7,-1.22
-83.190186,13.994898,2012,11,-10.34
42.863754,22.396759,2016,4,19.05
-42.917423,45.520508,2016,4,3.99
72.49776,-1.0929167,2014,8,20.83
-79.90871,-2.3131573,2013,11,-2.07
63.241013,-19.074877,2009,8,17.68
2.389899,-51.190094,2012,11,6.5
57.44503,15.976233,2013,3,19.91
-22.801516,36.265842,2012,9,6.75
-52.80704,9.240336,2016,7,3.31
-11.660205,51.356136,2014,12,13.52
-13.4552355,32.688644,2009,4,9.71
-46.914974,42.794872,2013,4,5.99
44.914383,-37.80739,2012,8,14.72
20.798695,12.156433,2015,6,15.24
20.442053,43.068623,2015,8,17.1
-74.855865,-0.2366543,2010,11,-5.74
-31.58866,38.84982,2015,1,11.41
33.51148,-6.308189,2014,10,13.87
-48.548733,48.96735,2015,7,1.6
-35.454956,-15.618146,2012,6,5.49
-11.217919,-39.95294,2011,7,3.76
3.062742,25.775093,2010,9,12.77
63.77308,41.84488,2016,10,25.82
-26.667234,29.24734,2009,9,0.09
15.021158,10.580197,2012,5,16.71
48.332485,-19.405811,2012,3,14.74
-12.713659,-23.823292,2009,5,3.44
-8.590695,-42.317688,2012,6,5.78
75.14684,-17.875751,2014,11,16.39
-0.2018058,-37.152897,2009,7,7.53
-38.808437,11.602775,2013,10,0.04
-44.129124,37.61588,2014,5,2.89
56.91789,-27.132774,2013,5,16.47
-49.766552,-0.6048357,2014,4,2.36
3.5058825,-61.442844,2013,10,6.88
-41.85913,17.010761,2014,6,4.05
37.42862,-54.2379,2011,7,13.54
54.142677,-15.293216,2010,1,19.72
-31.54187,-62.915356,2016,3,3.11
-3.523642,51.88321,2016,11,10.56
19.588465,-8.690154,2010,3,12.42
-27.315243,-4.2492833,2013,10,6.82
31.61808,-17.841778,2012,6,15.26
30.295895,-40.280006,2013,11,11.34
56.460796,-0.39989662,2011,3,17.53
-19.112394,7.2830973,2013,5,7.51
-0.14619066,-41.55796,2011,8,9.58
-29.956223,48.5952,2011,4,7.1
-39.31707,-24.611006,2010,12,3.88
38.017223,50.580612,2013,6,20.38
35.712135,-30.605885,2016,9,17.36
59.177242,21.900528,2011,4,23.07
17.374184,19.803368,2009,11,11.32
48.280846,-28.289177,2016,2,14.7
-38.16667,38.51206,2014,2,6.37
45.582676,-32.24918,2014,5,12.86
61.753647,-17.826164,2012,7,15.62
-1.4768693,28.31305,2010,9,8.31
31.106573,-37.359936,2014,11,11.82
-18.27913,-29.4593,2011,5,4.18
-11.82283,27.62341,2010,8,9.74
42.564133,-4.114292,2014,12,13.62
-28.974394,-48.346184,2015,11,3.71
21.856121,24.02118,2009,8,16.54
-29.307032,-48.544174,2015,11,1.67
3.178115,0.6088811,2015,9,12.16
53.855244,47.86297,2014,1,25.57
6.6465573,33.384857,2014,5,10.21
29.789982,-23.41865,2016,6,13.68
-5.7220316,-38.16922,2011,7,4.44
46.729088,-32.924736,2014,5,13.69
-25.519455,21.425482,2015,8,4.84
-46.984737,48.256226,2015,4,2.48
-74.75229,2.4316578,2010,12,-9.78
-8.641084,-61.691795,2014,11,2.49
3.3498664,-11.344616,2010,3,9.35
55.666233,-20.860489,2012,4,17.27
-0.9525672,5.640393,2011,1,10.34
6.807837,44.18411,2015,2,14.29
44.101177,17.456728,2015,3,19.84
37.325615,-0.5051827,2012,4,14.64
11.902055,4.808415,2010,4,15.88
29.705074,0.8087811,2009,7,10.97
-0.02939121,-43.98426,2012,8,8.79
8.624628,-59.89074,2016,12,6.49
18.756338,27.651594,2011,9,16.96
-32.895473,31.43816,2014,7,7.74
-24.529964,-54.17701,2012,6,-2.27
-1.7444886,-30.170416,2012,3,10.55
-33.482033,-57.900826,2014,7,2.56
-40.746834,20.136042,2016,5,3.68
-47.3893,18.753433,2013,2,2.55
-46.993805,7.630738,2012,6,2.9
-18.442352,-59.360645,2013,12,-0.86
31.34504,5.2031837,2011,5,14.64
35.649624,-34.124695,2015,11,13.75
18.0429,-7.7071204,2012,3,13.98
-80.98929,-2.966104,2013,12,-5.53
60.516933,-23.069149,2009,4,19.19
50.00957,-8.115687,2015,1,16.05
0.011668452,-49.75995,2009,8,5.37
42.58532,51.590405,2013,7,22.7
-32.081306,12.412383,2014,10,5.02
19.542257,13.750611,2015,6,12.6
59.2415,26.163414,2013,2,25.41
10.4434185,-10.740772,2010,1,10.51
12.259107,-0.7360768,2009,3,13.43
-0.3082886,-37.14662,2009,7,8.86
-26.66782,28.988737,2009,9,3.33
1.579388,-68.33005,2016,9,6.18
37.50558,-55.898712,2009,6,10.89
30.26215,12.987125,2009,7,17.99
36.06155,-44.92152,2011,12,13.16
28.418123,43.67587,2009,12,19.08
31.982056,9.789465,2010,6,16.22
35.12557,11.308983,2009,9,16.62
7.1115475,-63.42957,2016,11,6.44
2.3242545,-48.889366,2010,8,8.58
1.4518657,-7.8372884,2011,4,7.35
11.652839,-17.232931,2010,4,9.88
14.226862,-45.82387,2015,6,11.57
-50.549637,37.040455,2011,8,1.64
41.811707,-27.732376,2015,6,15.3
51.36645,29.816782,2016,3,20.05
42.316605,-17.89999,2014,4,12.67
48.740166,-8.694057,2016,1,14.37
12.472348,10.22012,2010,4,14.5
20.34438,53.56548,2016,8,17.02
63.275955,-0.15658756,2011,1,13.71
-60.809475,27.913603,2010,2,0.26
-52.31488,28.217522,2010,1,-4.14
-49.513683,37.67013,2013,7,-2.04
-39.483265,15.880229,2016,8,3.5
-0.72960174,-43.662857,2011,9,9.0
-35.109688,-19.279781,2009,6,8.67
-48.82414,-0.6568196,2015,5,0.41
61.75359,43.03149,2015,7,29.75
41.22142,-39.965664,2015,12,14.42
54.17178,40.805454,2009,2,26.9
-31.812078,-22.162085,2010,7,4.78
-18.66947,39.61597,2011,6,9.06
-38.53175,36.560062,2014,1,5.11
37.4039,-56.35677,2009,6,10.43
-56.351376,-1.2732983,2012,7,-0.4
50.212067,7.6196733,2009,12,17.24
48.33981,4.5073986,2012,9,19.22
28.594906,-54.448586,2009,10,12.03
-33.44413,-63.52124,2013,2,5.79
-26.177042,48.228924,2016,4,5.31
8.955023,-51.645126,2014,10,8.77
-24.206676,-43.3834,2011,11,-0.32
11.966741,-55.494205,2013,12,10.78
-26.32266,28.113758,2009,11,0.17
62.72507,-30.657724,2014,7,16.63
64.02282,-25.373108,2012,6,19.92
-36.184406,23.33965,2016,7,3.34
-11.905491,-46.067883,2011,8,4.18
63.28137,34.108967,2009,3,27.41
-46.145355,17.037983,2012,3,3.85
36.88408,31.492512,2010,10,24.03
26.21676,-10.30396,2015,3,11.58
-74.22729,-0.40439412,2010,12,-7.37
-46.846718,48.315205,2015,4,2.51
-32.770004,41.459206,2015,2,6.79
-5.0881424,-9.84584,2012,3,6.79
8.886786,-0.17611241,2013,2,14.42
-13.49243,1.2889074,2013,4,7.67
-80.61012,9.088381,2010,9,-2.09
-6.8196416,-28.612799,2011,4,7.69
-48.436905,-19.226938,2015,12,2.0
-18.997862,46.46542,2014,10,5.76
-35.525593,13.474378,2014,11,4.56
-14.974438,-52.89093,2010,9,-4.44
3.865587,-0.5799998,2015,10,11.64
-59.660976,15.236601,2013,2,-0.4
-67.79494,33.76633,2011,1,-4.82
55.898083,-15.0602455,2013,3,19.51
75.604645,-14.565004,2014,11,21.01
17.512003,-53.587486,2011,10,7.32
24.499882,6.7237663,2009,5,11.89
22.568054,-35.40323,2015,10,10.73
-13.67714,-72.41209,2016,5,4.96
-83.02852,20.629461,2012,4,-15.39
-11.18647,4.3645654,2012,2,8.04
-18.989738,51.627705,2015,8,6.83
-14.071108,-34.451195,2009,3,2.85
41.813652,-41.06397,2014,11,12.73
20.954857,41.742992,2015,10,20.2
40.454716,-38.443005,2016,12,14.62
34.10876,-50.964897,2011,9,11.36
70.63637,2.057065,2012,7,19.48
-38.211544,-8.2019205,2009,6,3.92
31.797709,28.070993,2012,9,22.24
29.262596,32.268425,2012,11,20.52
-1.4942548,-41.81943,2013,9,10.3
-31.621262,-59.4466,2013,5,1.92
-45.236687,7.7080936,2011,7,3.75
6.5821996,-48.823387,2014,7,6.54
-9.606755,-2.141148,2016,3,10.85
48.00328,8.036177,2010,9,19.71
14.909095,-40.301132,2012,7,8.24
40.301476,36.032356,2009,3,21.87
-28.34866,13.319252,2016,6,5.14
-17.704884,-45.053635,2015,6,9.0
31.147633,-33.413845,2016,12,15.65
21.5052,-17.126831,2014,2,12.86
61.41332,-27.029694,2011,4,16.72
-2.0472622,-63.36681,2013,9,8.26
-75.68565,2.1285822,2010,11,-7.02
28.200989,19.327171,2011,8,17.29
31.049513,-50.263004,2010,8,12.59
-31.321781,38.38309,2015,1,13.52
14.513305,21.933311,2010,12,13.01
-42.832237,1.2548863,2011,5,2.94
-43.170662,42.60537,2015,2,3.53
-20.444822,52.326233,2015,12,6.0
-83.487755,13.227075,2012,10,-8.14
-19.543657,56.226482,2016,9,6.67
-21.91339,35.3531,2013,10,7.64
-9.838032,-55.05837,2011,12,2.63
48.927235,-42.647835,2013,9,14.45
-33.613846,49.97281,2015,3,3.0
53.82821,-13.59172,2013,1,16.8
59.267857,22.577805,2011,3,23.99
-26.127045,34.30577,2009,10,1.42
10.083326,53.066986,2015,11,18.22
-12.159747,-47.69298,2013,10,6.92
45.31979,44.32561,2012,3,22.6
-60.766,2.90744,2013,9,-0.91
0.32169136,-50.05992,2009,9,7.04
2.6419978,25.363304,2010,9,11.23
10.183233,-26.936283,2016,9,6.88
12.954117,-37.957943,2009,7,7.53
31.10806,-45.51231,2012,9,14.31
-42.89915,-53.46368,2014,2,-1.45
-19.591152,-64.05714,2013,12,1.77
32.401375,46.03221,2011,10,23.75
-63.81432,-0.5817245,2011,10,-2.1
-13.523577,-27.31651,2012,1,1.92
31.329594,35.554825,2016,9,21.67
4.4333305,-20.359232,2010,3,11.56
43.38172,22.124529,2016,3,19.91
62.927704,50.108902,2015,5,32.63
-2.6608272,-59.642902,2014,8,6.37
56.98959,0.13212632,2009,1,17.07
-38.551037,30.657602,2016,7,4.46
32.80915,25.087233,2012,7,20.71
-32.23095,-61.258354,2015,3,5.44
22.140024,21.171041,2011,8,17.83
35.15463,3.8599637,2010,6,13.98
-32.32165,-69.00056,2015,3,5.54
-42.04283,35.34776,2013,2,0.25
48.488056,8.811385,2010,12,19.86
61.652504,-2.6823187,2014,4,17.4
-30.01482,48.529778,2011,4,7.19
-6.7279797,26.849926,2014,10,10.78
2.969815,45.779167,2015,1,12.62
-80.28123,0.5541401,2010,12,-3.03
-44.36143,48.994858,2015,4,3.52
-29.60638,-65.87481,2016,2,7.73
25.64855,53.971996,2016,7,21.44
-34.556686,-71.72895,2015,2,8.58
-48.32861,52.526855,2015,7,6.52
-86.96342,16.478642,2012,2,-15.46
67.56468,44.625896,2015,9,27.8
41.127224,-18.895851,2013,7,11.86
25.694897,33.475048,2012,12,19.3
25.252348,33.63755,2012,12,19.74
-31.604822,18.941786,2014,4,6.16
-26.084373,-4.8788414,2012,12,6.74
-12.150646,-39.70593,2011,5,2.73
-28.176804,-14.857007,2010,11,6.9
5.616609,-68.332375,2016,9,9.66
-74.66303,-4.7461557,2009,12,-1.17
13.732966,11.892797,2012,4,16.97
-65.89737,24.945856,2011,4,-5.77
29.78491,-39.80161,2013,11,11.91
-46.455452,-14.824719,2016,11,3.74
-64.691185,24.992182,2010,4,-4.7
-68.76025,11.286237,2015,6,-3.47
-42.18449,2.889688,2009,5,3.37
-59.877163,-6.335846,2014,11,0.01
32.44889,-31.30096,2016,9,16.07
60.72783,23.10806,2013,2,21.93
28.44716,11.673137,2010,6,18.37
18.021128,3.4150207,2015,11,16.11
-29.38498,-10.092139,2009,6,8.03
-14.886932,-4.354682,2012,6,11.22
62.961426,43.092464,2016,8,27.32
69.27247,45.072624,2014,9,28.92
-3.3965175,-49.81588,2009,10,6.7
-11.420809,-7.413724,2016,5,8.78
11.042492,6.3914332,2010,3,12.1
20.437714,-22.282606,2015,2,10.04
23.386305,24.832056,2009,12,15.45
28.563063,-33.75394,2016,11,12.83
47.39358,3.481884,2013,9,18.27
25.78028,45.95872,2014,12,21.31
53.558643,29.444708,2013,3,22.05
-84.23779,-3.1494837,2013,11,-5.73
28.669504,43.31871,2009,10,18.43
51.633137,26.393263,2011,5,20.32
-2.9887345,-31.93937,2013,3,7.3
10.603582,31.76294,2015,10,13.03
18.65682,51.678707,2015,9,16.24
10.138812,-33.40261,2009,5,9.35
-42.106056,35.590702,2013,2,0.18
-28.18189,-14.853109,2010,10,8.39
56.20161,6.978782,2009,7,17.64
33.949486,-34.735218,2015,8,14.82
-40.10818,-24.769384,2010,12,2.51
-20.158081,52.867718,2015,9,8.37
34.54234,-7.8790593,2013,10,10.66
43.00138,22.043344,2016,3,18.7
65.819855,42.806824,2016,11,28.36
13.201138,-38.425087,2010,8,9.06
-64.8117,31.594585,2010,4,-4.94
54.22566,49.878025,2015,2,26.4
61.418262,-2.7417068,2012,5,15.27
-46.990807,22.268393,2014,1,1.08
-34.538944,-71.738144,2015,2,8.49
-60.325615,32.876408,2010,4,-0.7
-80.45615,20.15721,2009,9,-15.74
27.729376,12.942286,2009,4,19.23
-66.23029,24.1843,2011,1,-4.3
53.15327,-21.567545,2012,2,15.76
37.713715,-43.04916,2013,12,12.53
64.562195,46.464535,2015,8,30.63
-7.421604,-27.896221,2012,2,6.75
-75.518616,2.558581,2010,10,-5.49
53.842716,-5.897143,2016,4,18.48
1.4306384,-20.31759,2012,2,8.32
-52.656963,22.2063,2013,1,-2.19
29.107985,-34.83257,2016,12,14.88
-12.22254,33.711643,2009,3,7.09
54.206097,41.034534,2010,1,26.85
-1.3604851,-19.865301,2011,2,9.99
-20.88128,-22.044765,2010,12,9.8
-26.34679,27.527842,2009,12,-2.17
58.005314,24.547373,2011,2,22.6
41.918365,53.27422,2013,9,24.74
-7.7576156,-32.117535,2011,1,7.51
-17.695675,-59.042953,2013,12,-0.9
61.560715,-9.600726,2015,4,21.43
60.979614,18.799494,2013,3,23.9
7.4033623,45.07252,2016,2,16.62
-26.160017,-26.572699,2010,8,0.97
-9.843331,7.3408256,2015,3,13.14
-69.065575,0.5842513,2010,7,-9.19
-72.69798,25.701006,2011,4,-2.93
-25.825172,25.696602,2010,11,2.9
25.40337,-40.34698,2012,8,15.23
-38.371445,-51.053284,2012,2,-1.79
-33.6987,-19.876694,2010,6,5.68
-17.680136,38.70718,2010,5,6.58
24.876284,1.7825562,2010,7,15.17
4.0069914,-12.442837,2010,1,12.01
-23.167246,15.540791,2012,9,2.59
-1.7982808,-31.145863,2012,3,8.43
-24.64429,31.326818,2009,10,4.34
-39.119133,30.255112,2016,8,4.27
-10.409837,-50.52078,2014,11,1.84
-31.56948,3.0141907,2009,9,2.1
52.425056,17.528954,2014,9,22.38
33.925587,-29.492857,2016,10,15.02
66.05269,5.8828597,2016,11,19.09
27.616411,8.89896,2009,7,17.12
-30.237284,-67.34764,2016,3,6.12
-30.783163,-35.750446,2010,11,8.44
-5.1066046,-33.81311,2012,2,7.48
-6.544972,14.039072,2014,2,5.73
44.358295,43.64266,2012,3,21.09
6.0253315,13.534265,2010,4,13.92
35.636898,-31.088354,2016,9,16.4
61.188263,21.740871,2010,1,22.69
-34.73319,-59.250744,2014,5,0.6
78.832794,-10.985312,2014,10,26.57
24.01317,-11.140903,2014,1,11.37
45.235325,-16.2415,2013,2,16.99
-24.300846,11.737869,2015,10,3.4
19.35428,5.137656,2014,10,16.01
-15.59788,18.996906,2012,10,4.31
-11.629195,-26.349737,2012,5,2.61
64.095924,-4.559259,2012,3,18.42
-17.841856,10.198401,2013,6,7.06
-8.59643,31.877613,2010,7,8.01
-65.36925,27.743618,2010,5,-4.91
25.551815,7.4993877,2010,6,15.16
-82.32748,1.5108597,2010,11,-4.74
-28.639238,-40.552486,2011,11,-0.46
49.633575,-19.191141,2010,3,15.6
-19.079943,-11.636618,2014,11,9.66
-3.7950988,-45.70923,2011,8,7.2
-83.14065,23.326145,2012,2,-14.16
-51.69215,29.59386,2010,2,-0.03
7.357333,23.324604,2009,9,18.43
-36.25308,41.278778,2015,1,6.55
-46.31669,52.429943,2015,5,5.19
42.108284,-7.705852,2014,9,14.65
4.7986817,43.953953,2013,1,12.02
53.013035,-7.1581397,2016,1,17.61
30.44942,-53.23237,2010,8,13.07
33.293068,-52.60094,2010,8,13.45
47.71207,42.051826,2009,4,22.15
-59.776928,-8.265477,2015,12,-2.75
63.440777,42.59654,2016,10,27.41
-28.319138,25.691544,2011,11,4.98
58.57113,45.5963,2013,6,27.48
41.0968,-15.872263,2013,6,12.4
16.96042,-10.264884,2009,1,14.17
51.30819,-4.4284234,2014,4,16.97
-15.1481085,-38.26574,2010,8,-3.89
-52.10447,50.04187,2015,8,-0.77
40.102253,-27.178728,2015,7,19.95
72.7184,-6.125206,2014,10,19.74
31.403086,41.448547,2011,12,25.47
74.06669,2.8360837,2013,7,19.11
52.471287,48.840946,2015,1,23.36
-80.40391,-5.042944,2013,10,0.37
-48.455368,2.804581,2015,2,1.57
-33.55594,-69.68912,2015,1,5.48
-24.699553,-40.421368,2010,12,3.44
29.034863,-8.714961,2014,6,11.23
16.090864,-33.3361,2012,5,13.47
3.9914608,-69.14396,2016,9,7.19
2.8604774,-7.824412,2012,5,8.12
54.354137,-23.43591,2009,1,17.03
-0.49590456,-21.59368,2011,1,6.55
-9.879734,-25.645744,2013,5,6.66
7.657443,-26.87871,2016,7,9.77
-64.64017,1.5851481,2011,9,-1.82
-6.5287685,-26.554783,2011,2,8.86
22.021975,43.167603,2016,7,18.73
-84.288345,-0.3069588,2010,11,-7.3
56.827396,-25.560043,2012,4,15.82
41.10394,47.832256,2015,5,21.21
-34.710217,20.677317,2016,11,3.21
17.236923,-26.768993,2014,4,6.96
-27.31257,52.13819,2011,5,8.84
-67.0882,26.548143,2010,2,-5.28
-32.471043,36.00879,2015,1,7.52
-43.76839,-58.768993,2016,2,2.43
48.1501,21.355736,2016,3,21.62
-0.62765884,-21.900385,2011,1,3.9
-58.300533,-6.8306375,2016,9,-2.77
-6.618202,0.93478525,2015,5,11.0
-78.11613,19.73834,2010,10,-8.48
46.684223,43.376083,2010,5,20.97
63.301376,40.2338,2014,10,27.43
-69.60509,0.5292528,2010,7,-11.04
-40.917114,39.85548,2014,4,4.97
-42.636497,27.661604,2014,5,1.34
-7.4403944,43.6315,2009,1,12.21
34.417423,-36.204124,2015,7,14.32
32.424446,-55.058308,2009,6,12.21
-5.167971,-35.039658,2012,2,10.18
-46.606415,46.632397,2015,1,3.14
25.826374,53.152897,2016,6,21.57
-81.221954,-2.8295004,2013,12,-5.01
-35.288578,-19.177336,2009,6,9.78
-19.301565,-10.888748,2014,11,8.61
-3.9423778,36.511024,2010,7,17.89
-16.542175,-50.952877,2010,9,-1.67
-40.93188,-45.443027,2010,4,-14.16
-64.547195,46.06364,2010,9,-1.3
-11.080838,-27.212431,2011,4,3.62
-8.470187,-60.19448,2013,10,4.8
0.7047407,18.380796,2013,5,14.38
11.403208,32.79207,2016,10,13.52
32.427216,46.502697,2011,9,22.35
59.76552,-27.617727,2012,5,16.19
24.146389,41.15444,2016,11,19.53
-83.65484,-2.7856674,2013,12,-5.88
-29.637232,24.950876,2013,10,4.03
3.7022831,50.84591,2015,6,15.27
-70.500496,17.148417,2011,2,-4.1
-6.9564996,-62.78151,2016,11,6.1
1.0713788,-20.386326,2012,2,7.96
-61.92214,34.873833,2010,1,-3.99
58.16613,41.839573,2011,6,27.33
-66.86796,22.299559,2010,4,-6.71
-28.449501,-48.350033,2015,12,6.25
-23.986044,23.635855,2009,12,3.16
-50.8628,-11.561047,2015,11,0.96
9.214241,1.4195513,2014,3,15.38
48.33897,-39.48583,2016,10,13.81
52.927048,50.24805,2015,1,26.06
40.12838,-5.283512,2015,8,12.77
26.00345,11.336328,2009,7,16.64
61.194485,25.888977,2015,3,24.58
34.794415,25.797586,2010,7,19.57
-77.66785,2.4826393,2010,10,-6.17
-22.95765,45.012703,2014,8,3.93
-24.976704,26.403423,2009,11,3.81
-58.34256,-7.193829,2016,10,-2.79
48.090176,-34.60931,2015,7,13.92
9.167498,43.699684,2014,1,16.35
-34.50642,-66.77777,2013,4,0.8
9.294286,-55.895836,2014,12,6.91
40.722893,49.995235,2013,6,20.4
34.438675,27.331448,2012,7,20.39
7.9620104,42.536324,2012,3,14.63
-24.498161,-4.759693,2012,11,9.18
41.435993,-43.0378,2012,11,13.93
-81.53501,19.739109,2012,9,-16.0
1.6772362,-50.870354,2012,9,6.6
69.60687,-1.1171198,2013,7,22.96
27.162806,14.917682,2009,2,17.0
7.1099267,-48.646343,2014,7,6.83
38.606194,29.561495,2009,8,24.68
41.79003,3.3564913,2014,12,15.44
30.779501,-46.49957,2012,8,14.01
53.869087,7.941818,2011,10,20.23
62.86386,-10.905272,2015,3,23.37
27.168755,42.679314,2012,12,17.61
42.15559,14.742294,2016,2,14.42
17.485128,40.423805,2015,7,16.55
-28.560944,-47.578922,2015,12,7.32
36.161068,-0.3308387,2012,6,13.79
34.3457,-37.817593,2013,10,11.81
25.646215,20.837654,2012,9,15.94
-36.203735,13.693534,2016,11,2.68
23.833097,19.489592,2013,11,12.51
22.97775,-37.24228,2015,10,10.99
-12.331438,33.735348,2009,3,4.78
45.483803,16.649157,2014,1,15.37
-64.104485,3.1511557,2013,12,-2.05
12.07883,-53.927837,2012,11,8.84
-36.265247,11.639703,2016,12,0.16
49.274952,-29.475279,2016,4,16.94
58.890858,7.932105,2009,6,21.58
9.10645,-56.728546,2014,12,3.87
-39.28471,-59.36446,2013,3,1.84
-84.24411,1.6779896,2010,11,-2.86
-34.03858,-62.292625,2016,1,3.11
51.14761,6.4864945,2011,11,17.39
-12.802588,54.085426,2015,10,14.6
56.92364,38.681507,2011,5,25.07
-23.395649,43.66581,2014,7,7.23
-36.018246,29.602348,2012,6,3.18
-1.0036362,-15.77144,2009,2,7.86
4.1705165,-12.219889,2010,1,11.67
28.014965,45.064766,2011,11,22.09
66.65658,32.461346,2011,2,23.69
-63.06202,15.347007,2010,6,-3.38
35.19127,-54.131527,2011,6,11.83
-8.5437155,42.99613,2010,5,10.47
43.76986,-5.846291,2014,11,16.14
52.251106,49.70607,2016,2,25.68
52.449997,9.611247,2010,11,21.48
72.77497,-0.21978706,2014,8,21.49
-4.303489,-29.606022,2012,1,9.77
-17.522371,23.682339,2011,9,10.86
-23.050781,-53.570045,2012,8,-7.15
47.445087,8.713572,2010,10,16.68
56.259792,22.904768,2010,5,25.72
-69.722496,3.8155594,2010,6,-6.04
-11.364509,-55.981647,2011,10,1.12
-10.616308,-45.30208,2011,8,4.16
40.93702,-47.256348,2010,11,15.85
-62.377663,26.354883,2011,3,-1.83
-29.273438,16.19893,2015,6,2.61
-35.444344,-15.601207,2012,6,5.38
-56.65934,-2.331741,2012,7,-3.15
-30.17953,-6.498442,2010,8,4.58
19.670412,-25.918861,2015,5,10.7
8.413366,20.248423,2009,11,12.9
30.900164,33.103535,2016,12,20.95
41.158295,-18.850845,2013,7,11.87
20.733372,-19.787077,2015,2,12.42
69.15984,41.138252,2010,11,26.64
-16.479376,55.965553,2012,10,13.82
13.975154,11.668505,2012,4,16.59
32.461903,-54.266045,2009,7,14.7
-39.68736,-46.158722,2010,2,-11.13
-33.502666,22.843775,2016,12,4.14
-53.54899,-3.8096797,2015,7,-3.85
3.9433584,43.238235,2013,4,14.27
44.98365,-34.846603,2014,7,14.29
-59.87872,19.540552,2010,1,-3.05
-1.3996488,-51.209743,2011,12,5.79
-11.138842,-38.937122,2011,5,-0.42
-28.491621,-15.165037,2010,12,8.27
52.806496,-14.071368,2011,2,18.43
53.955364,-14.614587,2012,1,17.99
14.011958,-13.047738,2010,2,12.27
62.02557,48.03605,2015,4,31.22
-22.349228,17.061245,2012,10,3.94
-32.558804,50.408237,2015,3,1.62
15.171765,30.597115,2011,10,15.25
36.87264,-15.852632,2014,11,13.31
-3.7239993,-16.055193,2010,5,11.71
49.386154,-34.192287,2015,7,15.66
71.23435,-1.4368051,2014,7,22.21
12.184108,10.917333,2010,4,15.3
26.90652,35.78006,2014,12,21.91
42.42554,0.21405293,2014,9,15.02
-50.111668,-12.557033,2015,12,4.15
2.1693347,-34.357925,2010,6,9.82
-4.7825775,-24.42906,2013,2,7.03
-25.550638,-34.63163,2011,7,5.07
-6.3369513,21.247263,2011,4,6.37
-11.941044,3.6900268,2012,2,7.28
48.864666,42.88079,2010,7,23.33
-7.952289,-69.381645,2016,11,1.97
13.19252,42.11261,2010,3,18.71
43.322174,-26.859402,2015,4,17.13
-40.224022,16.940865,2016,7,3.32
13.751337,19.88201,2009,10,12.11
35.408573,11.631596,2009,11,15.1
-19.616121,9.219688,2013,6,6.08
67.65354,30.51638,2011,2,21.47
-31.041441,14.179513,2014,10,6.83
-38.938313,45.33561,2016,1,6.8
-68.97984,-0.56445086,2010,10,-7.35
-14.896825,51.23298,2014,11,9.8
20.820955,0.47156823,2009,11,13.83
-76.76737,-2.4029613,2013,12,-1.52
-64.943436,-5.3905663,2011,12,-1.17
68.88986,7.384602,2010,7,20.52
64.25122,1.5179508,2012,1,18.39
-0.845311,7.586806,2010,1,13.46
-27.624018,-37.96725,2011,9,2.59
24.224827,41.087543,2016,11,19.58
-23.366032,36.538864,2013,9,4.66
-80.198044,9.421804,2010,9,-5.77
-32.310547,47.469727,2013,3,2.03
-58.972683,0.9865267,2012,8,1.98
-83.23205,13.828267,2012,11,-10.44
-14.5627775,52.01615,2014,10,12.65
3.8258333,15.3844595,2009,5,13.95
27.551373,45.71914,2012,12,20.13
29.234215,-44.363335,2011,11,15.08
60.17055,33.66362,2015,5,26.19
-24.649204,-5.392116,2013,12,10.41
-23.6584,56.960484,2012,5,3.83
47.779167,-41.818226,2013,9,14.39
-22.327147,-49.577038,2011,11,0.78
31.129288,-29.308464,2014,7,15.1
31.962267,35.98908,2016,7,20.43
65.915085,-1.8051152,2016,4,19.4
3.7636576,6.0762105,2014,4,15.89
-44.103443,42.300037,2015,2,0.99
-4.7705727,-6.93301,2014,3,11.46
-14.684684,-28.600794,2012,5,0.8
48.00565,6.641953,2011,9,17.59
-4.936058,33.688244,2011,5,12.32
27.149075,38.37758,2013,12,22.57
-7.1170607,3.48634,2015,1,13.48
4.3670917,-0.6697832,2015,9,12.69
-78.037155,7.1988196,2010,7,-6.41
-47.051495,22.255417,2014,1,0.98
-22.393673,-56.17965,2012,7,-7.02
-58.512596,10.079127,2012,5,4.24
-40.152176,38.032963,2016,2,6.25
20.719398,-19.973705,2015,2,12.9
76.779236,-13.362355,2014,11,22.32
-39.00378,37.206844,2014,2,6.44
44.15764,0.66974664,2014,8,16.91
68.72188,3.9417195,2015,6,20.88
62.201317,-10.2401285,2015,4,23.48
12.880167,-36.07504,2009,6,10.0
43.61532,-35.20825,2014,8,15.14
2.5541022,-43.422657,2012,9,11.5
52.079784,-23.5456,2011,3,13.67
46.679134,31.522825,2016,1,22.99
25.412846,30.980701,2012,11,18.76
-51.879677,-8.550946,2012,9,2.22
59.080807,23.199818,2009,2,23.83
34.709026,-29.327103,2016,9,16.91
-32.791035,26.184052,2013,9,3.45
24.880615,6.830239,2009,5,13.58
40.21005,-41.515366,2013,10,14.24
-41.77536,36.77429,2014,1,1.75
45.068066,1.936824,2014,8,18.04
64.89217,-17.543821,2010,10,19.21
40.80469,-47.550385,2010,11,15.88
10.598722,-50.31363,2013,8,9.25
-50.665154,-11.759679,2014,10,2.44
38.145683,35.549904,2009,7,21.41
7.0559306,-66.51877,2016,8,6.46
45.11063,43.680992,2012,4,22.22
-33.283794,-69.002754,2016,3,4.61
-22.645609,15.846961,2012,10,4.07
-58.32707,14.7303295,2013,1,-0.68
3.6303678,-43.216835,2012,10,10.54
28.340364,-47.66732,2009,10,13.11
3.0131445,-66.81652,2016,10,9.17
-56.552044,37.65973,2011,3,-0.43
-84.45086,16.636063,2012,6,-14.19
5.4965906,30.868687,2016,5,14.77
3.8588026,-59.106987,2012,12,7.32
-9.0887575,-35.57508,2009,3,6.67
-35.64217,-64.24245,2013,1,3.51
-37.330734,49.72367,2013,3,5.79
10.699071,-53.59994,2012,11,11.26
48.21821,2.5231905,2013,8,18.31
-24.873182,29.98741,2009,11,0.93
66.94153,-27.346037,2015,6,20.2
36.674267,2.9783745,2010,6,14.04
-8.529823,-61.35673,2014,12,3.03
5.6344733,30.829456,2016,5,15.14
39.56098,-2.9488466,2014,8,11.63
12.26722,10.046485,2010,4,13.28
-27.361204,55.655865,2016,2,11.42
-17.024397,54.638554,2014,9,12.64
-8.416499,-3.51038,2015,1,8.46
54.25458,7.985529,2010,10,20.72
-43.23704,50.275055,2015,5,2.5
-14.669358,-28.569067,2012,5,0.28
-61.500328,13.562172,2010,4,0.53
-4.35745,-7.7548256,2014,4,11.74
-61.175095,13.124644,2010,5,3.19
28.634989,49.40796,2014,2,20.24
34.401768,-54.415936,2010,6,12.47
-77.91052,18.469778,2011,7,-6.99
-67.42105,-1.0312268,2013,11,-8.75
-61.33719,23.522083,2010,6,-3.84
-7.4483933,-25.472326,2012,4,6.95
-40.102287,-62.49302,2013,3,-2.21
25.50633,-54.804596,2009,12,11.92
59.76934,-12.148032,2015,1,21.5
45.961502,8.293073,2011,7,19.11
26.328623,22.89655,2011,12,18.66
-26.584698,12.295689,2015,9,-0.64
-40.137142,18.779097,2016,6,2.46
27.617624,-42.513657,2013,11,15.11
-52.377808,44.301765,2012,6,1.32
50.072853,-23.182384,2012,3,14.2
-80.99317,7.634712,2010,10,-1.77
25.15616,26.495035,2012,9,20.43
-44.883686,-12.919482,2016,12,-0.2
43.251877,-47.330074,2009,11,17.51
-7.665612,-57.52688,2011,9,3.9
-60.035034,19.63122,2010,1,-4.07
65.952805,7.98808,2016,6,20.19
-20.268808,-63.906494,2013,11,3.58
22.976841,40.36646,2015,10,18.02
10.104328,43.91589,2014,2,16.73
-80.663,-2.5338879,2013,11,-5.09
18.192348,41.032032,2015,10,17.7
28.247965,49.89633,2015,4,17.97
36.846935,-7.5997047,2012,12,10.81
-29.425587,-28.1493,2010,7,-4.01
-53.116554,14.834282,2015,4,-2.43
-61.635727,-5.7701645,2013,12,-2.54
-33.420746,38.70398,2014,3,8.51
64.66917,50.06974,2013,3,29.41
14.703847,-5.5377555,2011,1,14.85
-43.51322,31.31775,2016,3,-1.2
18.210388,31.72308,2011,11,19.12
64.65266,-27.615984,2013,6,19.19
-40.482456,-46.503605,2010,2,-13.64
-32.1003,-7.2165256,2010,7,5.15
-40.750698,-46.252583,2010,2,-11.71
-0.45269224,-36.018658,2009,6,7.22
-44.630966,-61.861134,2016,4,-5.47
0.7330011,-11.702586,2010,3,13.11
19.112032,30.511091,2011,10,18.13
48.50855,42.37936,2009,5,23.92
-17.910194,10.051015,2013,6,7.14
-77.05586,1.6157918,2010,11,-3.97
43.32663,-3.3051324,2016,12,14.07
-58.38147,-6.7533484,2016,9,-2.5
-63.36264,4.937557,2015,11,-1.79
42.49436,22.7705,2016,5,17.67
56.45918,-5.984251,2014,3,19.33
55.622086,-14.207806,2013,1,19.16
-87.28823,16.327831,2012,1,-11.35
59.603596,48.17987,2010,9,30.61
-44.000168,51.58132,2015,6,3.62
-37.050552,20.044308,2016,9,2.35
44.431828,-18.697887,2011,3,13.74
-30.156353,-6.872573,2010,8,4.78
-15.973575,17.261118,2015,10,4.13
13.274289,3.6184058,2010,3,17.62
12.832088,-34.58279,2011,6,11.54
2.7012882,16.349949,2009,4,15.18
-31.50924,3.0163708,2009,9,2.11
23.227993,17.94637,2013,10,13.63
48.03982,-34.60804,2015,7,13.88
3.970102,46.4028,2016,4,12.88
-77.417145,11.281118,2010,7,-6.12
-28.133596,52.082623,2012,7,2.56
-14.323051,23.544697,2014,9,8.78
64.27391,48.541935,2015,2,30.86
42.151215,49.086803,2013,6,21.06
21.350386,24.249985,2009,8,15.95
-25.820318,14.130854,2014,9,6.0
22.51701,23.736895,2009,9,19.2
23.733559,-49.54748,2009,11,10.57
-4.246524,-29.501905,2012,1,9.45
-7.592726,32.64522,2010,7,13.13
-28.28384,26.856218,2011,11,1.73
-8.789809,16.271477,2011,3,2.02
61.283634,21.786318,2012,1,21.21
18.821672,15.731861,2015,10,14.4
-29.114779,8.886731,2012,8,3.24
-26.843533,20.033545,2012,8,3.99
40.6387,-45.387913,2012,10,16.64
-43.469162,22.020777,2015,1,-1.34
63.603127,46.5045,2014,7,28.57
-55.865948,12.616161,2012,6,2.48
39.776623,-29.098228,2016,8,17.21
-23.618412,18.421207,2010,9,5.62
49.213203,-9.083545,2016,1,15.86
-5.0329337,-64.23881,2016,11,7.72
-49.624905,43.224644,2013,4,2.71
57.700325,-9.6570635,2012,1,19.55
-48.612526,-18.009142,2016,12,1.56
-42.85505,1.3145669,2011,5,3.04
-46.91598,48.283802,2015,4,2.41
-51.33841,10.849904,2016,4,-0.8
-28.207397,-40.67584,2009,12,-1.1
-65.10988,3.7620687,2013,12,-5.26
-51.947624,14.127075,2016,6,-4.55
-14.697552,48.248024,2011,11,6.72
17.77421,52.97935,2015,8,15.0
14.935854,26.787355,2013,11,15.06
-19.96548,54.913555,2016,9,6.94
-28.066584,-40.6883,2009,12,-1.09
0.84972346,35.922794,2015,7,12.45
-45.166424,-58.86377,2013,3,-1.74
13.9337225,-46.94731,2014,7,9.54
-60.029335,19.621683,2010,1,-3.97
-27.85917,-47.857944,2015,10,5.58
56.32144,48.69368,2014,4,27.93
-1.3351914,-49.022118,2009,9,3.31
25.325672,2.0352693,2010,7,15.49
-33.65461,15.805296,2016,8,5.0
34.314857,8.996703,2010,7,15.25
-37.085617,-51.3315,2011,3,-0.66
47.641678,-24.043425,2013,1,12.68
34.959755,7.2215986,2010,6,17.25
61.026466,26.801054,2015,3,27.01
-22.26314,1.8523932,2011,6,9.09
-71.71285,25.971636,2011,4,-5.2
27.553953,-30.058846,2016,8,12.26
-65.1503,27.576681,2010,5,-4.29
-2.512712,-36.79338,2009,6,7.96
29.066706,-33.345272,2016,10,14.19
-12.255039,-42.329426,2012,6,-2.31
44.186035,17.602173,2015,3,20.02
-1.0338974,-7.878951,2012,2,9.68
31.438425,-17.41292,2014,7,12.69
41.82439,-20.367676,2013,6,14.92
-21.220451,19.311506,2015,11,6.52
47.271496,-28.328016,2016,3,14.27
34.31289,26.611166,2009,7,20.68
-0.44078523,-7.4445906,2013,3,8.63
-19.197155,54.214863,2014,9,7.74
61.670162,12.915414,2010,3,18.97
47.280247,-30.291645,2016,5,14.22
47.89881,-34.61666,2015,7,13.93
1.917748,8.801049,2009,1,13.93
48.339138,43.144756,2009,6,23.4
57.30281,29.719288,2011,3,24.85
-83.425964,0.3947379,2009,12,-2.34
-43.98069,31.07834,2016,3,-0.97
-25.513014,12.541934,2015,8,2.81
9.310587,-55.836964,2014,12,7.15
-8.232011,-5.777018,2016,5,8.19
31.648655,11.44118,2011,6,16.87
-4.009262,-15.778169,2009,5,10.61
59.5124,27.19916,2012,1,28.37
-38.192383,34.736015,2016,2,4.93
-50.87043,39.877087,2013,2,-0.87
58.202835,-20.187365,2011,5,17.01
22.48029,-6.6357822,2013,4,11.11
45.732178,-34.934864,2014,7,14.15
-78.66422,4.6921144,2010,8,-6.73
11.771588,-16.005781,2009,4,10.63
-8.226963,12.77105,2014,3,4.07
40.96548,6.393033,2016,7,16.41
-82.97514,15.935332,2012,10,-11.16
4.847712,-64.65494,2016,10,6.77
25.33022,18.306673,2011,11,12.94
1.1163678,-4.769662,2013,3,6.99
-76.3734,7.9182796,2010,8,-3.83
-10.544647,35.142315,2009,4,10.96
-24.444254,-10.490872,2011,11,9.43
69.410194,0.29845512,2012,5,24.62
67.16828,32.635033,2010,1,24.61
1.1069596,-6.476925,2012,5,9.55
-27.466461,-38.880917,2011,10,2.61
-17.506199,-59.08775,2013,12,-0.83
75.41361,-7.4996333,2015,12,23.03
-16.61358,17.865776,2015,11,5.2
75.33148,-7.48594,2016,10,23.5
40.56975,15.418277,2014,2,15.91
-14.4538765,-65.12686,2013,7,1.48
57.72612,43.758953,2009,8,27.99
-66.43096,4.126907,2010,12,-10.94
-22.622225,-66.14203,2016,8,3.85
-83.77358,21.405262,2012,4,-11.05
46.531456,-27.190575,2015,5,15.46
-77.53534,2.5312512,2010,10,-5.93
-14.44798,3.0490496,2012,3,3.2
24.424097,7.337716,2010,7,12.89
46.762283,-31.249271,2016,6,13.09
-60.963303,15.42379,2013,1,1.78
-26.33921,34.683537,2009,10,1.94
56.596897,43.616978,2010,6,26.97
30.30085,-49.101246,2011,9,11.47
33.07007,-40.263786,2012,11,13.14
10.749173,38.66771,2010,6,15.39
-42.94041,13.409352,2013,7,0.15
-67.24423,26.452549,2010,2,-6.48
-56.5267,-2.3655307,2012,7,-3.2
-76.99438,10.667225,2010,9,-6.79
23.648766,-34.085815,2016,12,11.48
-57.88732,14.995047,2013,2,-1.21
66.972115,5.266077,2016,7,20.63
50.228256,27.518707,2012,8,22.38
15.623977,-45.214394,2013,7,10.12
11.981405,2.3098722,2009,4,13.2
10.137981,-7.19264,2010,1,12.33
14.902399,26.77882,2013,11,14.53
57.05335,32.768185,2015,3,26.43
37.214085,-45.05557,2011,12,12.37
5.3306184,24.5949,2009,11,15.67
-36.62173,39.017235,2014,4,7.72
-80.17696,-1.7350634,2013,12,-1.94
-1.9644128,1.456381,2010,4,7.92
60.281853,36.273758,2013,7,25.68
-23.8415,46.814964,2014,6,9.09
-3.645656,-33.90404,2012,5,7.34
67.81132,6.8876963,2012,8,20.63
0.07306519,-54.574184,2012,12,8.36
-47.12419,26.029455,2013,2,1.28
-8.062684,10.04335,2016,5,6.33
-40.832813,3.8308477,2009,3,3.75
-58.29179,31.351715,2009,7,-0.22
27.210577,39.759457,2015,11,23.58
-20.655493,-59.908966,2014,9,-1.24
53.105526,27.044872,2011,5,22.8
53.71526,17.086945,2014,7,20.99
57.546917,22.777445,2011,3,23.78
36.534725,-53.625343,2009,7,12.64
-26.401209,11.594662,2015,8,2.03
-29.027634,-35.28656,2010,9,9.42
-43.6073,49.257442,2015,4,2.61
-48.421246,-17.891594,2015,12,1.56
-24.168228,24.078724,2009,12,1.63
-25.21332,56.431503,2010,1,6.44
37.14567,36.428852,2012,4,20.81
-61.90438,34.93972,2010,1,-3.97
-23.608723,-47.90869,2011,11,3.94
41.838814,24.039806,2016,5,18.06
-82.867325,20.493736,2012,5,-15.79
-30.247896,-64.58329,2016,2,4.94
-15.431744,51.353,2013,10,11.17
-10.997564,-68.027466,2014,9,0.61
7.1306005,-65.28202,2016,9,7.19
-32.642,38.32584,2014,1,9.27
-48.044685,7.864567,2013,6,0.74
-73.98714,-0.5229309,2010,12,-7.41
26.76741,44.19316,2012,10,17.29
36.43013,-44.2257,2012,12,12.15
67.94093,46.787777,2015,5,28.23
0.12006273,-20.84854,2012,1,6.39
19.010094,20.768684,2009,10,13.15
-74.636734,-4.773359,2009,12,-0.4
-20.004187,26.212921,2011,12,7.4
60.436,36.31838,2013,7,25.94
-14.969788,-61.49651,2015,11,0.89
-10.465685,-71.790016,2016,7,2.57
-61.104248,-4.7342467,2013,9,-3.21
-42.860733,-64.171425,2016,4,-6.92
36.59162,3.0181024,2010,6,13.97
38.882107,-4.5943317,2015,9,11.74
36.73262,-13.938673,2015,9,12.72
-35.09592,-62.36176,2015,3,4.38
-38.244003,17.424864,2016,8,4.08
-27.145267,-10.430834,2009,8,10.52
-57.3391,-6.7864804,2016,8,-1.49
20.024591,-54.177418,2010,11,9.11
63.445793,49.641914,2013,3,30.96
-80.60491,9.059267,2010,9,-2.2
11.746023,-54.28526,2012,11,8.66
-65.700806,30.517025,2010,3,-5.51
-45.020893,20.720697,2015,2,5.0
-46.348392,27.243694,2012,6,1.22
-64.32875,25.232616,2010,4,-4.06
44.824574,24.70359,2014,4,21.38
32.52137,53.11247,2011,2,19.96
34.836967,-56.046913,2009,6,13.65
-7.8774886,-7.5271792,2013,6,9.45
36.705185,18.884342,2015,9,16.53
-64.93485,-5.497544,2011,12,-0.93
21.85799,53.62779,2016,10,19.75
-15.089082,-45.406574,2015,11,5.6
-24.212173,13.995607,2015,12,4.95
-63.66259,44.569683,2011,8,-3.38
48.450546,-30.19052,2016,5,15.24
-43.080276,44.62818,2015,3,4.64
-6.529197,-62.79479,2016,12,5.74
53.642914,-24.4378,2009,1,14.85
15.524434,-37.74693,2012,7,8.61
-22.497929,-55.265026,2012,8,-8.62
-77.75438,5.298264,2010,8,-6.69
11.959698,-54.24943,2012,11,8.44
59.9593,48.676865,2010,11,33.92
15.526241,49.581455,2015,9,13.89
-56.29252,40.640392,2010,3,1.7
15.970518,46.52077,2014,11,11.49
32.38388,0.11466238,2011,8,13.14
59.66559,-24.157225,2009,3,17.33
0.75013185,-37.654617,2009,8,5.88
-41.882587,25.856596,2013,6,0.41
42.6922,21.031752,2016,3,17.56
-9.659332,-8.963654,2014,5,10.19
19.13525,49.329933,2016,5,16.52
28.643883,13.036391,2009,4,21.38
-80.97382,-2.2332172,2013,11,-4.84
6.363329,-12.743021,2009,1,12.06
41.381447,6.9086094,2016,9,16.93
68.20414,-0.9904482,2013,7,21.03
-41.901196,24.076344,2016,4,-2.67
41.162777,23.323055,2016,4,16.02
31.40021,-2.492589,2009,10,11.12
-27.028015,55.820724,2012,2,11.63
-25.727034,13.685653,2015,9,5.74
27.497997,-27.084303,2016,6,12.0
-47.165,20.44513,2014,3,4.99
-8.811242,-37.916878,2009,5,3.37
6.6244283,-64.47162,2016,10,5.62
-48.54155,15.533689,2014,4,3.05
-1.9049275,-50.196938,2009,10,5.08
40.399956,-2.3863022,2013,9,14.21
-68.97189,4.567269,2010,6,-9.92
60.122894,18.132532,2016,4,23.24
62.809315,43.976334,2016,8,27.81
-53.52768,-3.8343852,2015,7,-4.9
18.873346,-16.69071,2013,2,13.28
-1.1495881,3.5684216,2011,1,11.99
-57.4688,14.485046,2013,3,-1.39
-15.246859,54.401844,2014,12,12.25
26.072275,23.84053,2014,12,18.65
-41.836884,26.42973,2013,6,1.85
43.540993,16.777979,2015,2,18.42
-79.09344,7.697298,2010,9,-4.34
20.52018,36.72655,2015,10,18.73
11.485126,43.56135,2012,1,18.0
28.54035,-29.594643,2016,8,13.14
-12.920944,45.785034,2014,9,10.67
-26.064243,-4.791824,2012,12,6.22
-6.151465,-63.368526,2016,11,6.4
31.303217,5.2416635,2011,5,15.52
-4.9988117,-55.361195,2009,9,5.4
-51.22988,39.888283,2013,3,1.3
26.922436,24.389208,2011,12,20.06
13.506678,-37.872833,2009,7,9.92
24.701004,20.49492,2011,9,14.43
46.223274,-36.33538,2016,8,12.54
9.838409,-38.236816,2011,7,12.49
-23.21219,-47.979836,2011,11,2.11
-14.892454,0.8813056,2013,5,6.51
-64.30775,0.7729492,2011,10,-3.81
-33.05303,39.973816,2014,3,10.61
53.86077,44.112003,2011,4,24.7
25.398806,-40.36151,2012,8,15.19
-2.0616999,-12.062273,2012,1,10.38
69.36859,-1.6049893,2013,6,25.57
39.377106,-28.86597,2016,8,17.13
52.685795,0.5406728,2012,7,18.31
12.193942,-6.059418,2011,2,12.06
-22.959297,37.427696,2011,8,8.11
-30.407505,51.853687,2015,2,4.58
-39.092735,-50.1505,2012,1,-4.27
-32.054398,12.446902,2014,10,5.03
-42.60219,47.146145,2016,5,5.93
19.380653,-26.796335,2015,4,10.32
49.567104,-29.404106,2016,4,17.45
18.612398,-53.944813,2011,12,8.05
9.120977,-53.22163,2013,12,8.49
60.213604,17.641102,2015,4,21.45
49.907837,-1.4391555,2012,5,14.01
62.748547,-27.822605,2012,6,16.77
65.16948,1.5207567,2012,3,19.69
-44.21129,-54.108253,2014,3,-2.64
-13.562063,-57.741158,2011,10,2.1
40.670338,51.965397,2013,7,21.41
52.53699,-1.2494869,2013,8,16.59
-11.099193,-28.492058,2009,3,1.29
21.083569,15.2500105,2015,10,14.13
29.876036,50.167126,2015,4,18.73
-3.0390453,-54.10166,2009,10,7.1
2.7955396,-66.93689,2016,9,9.72
-77.87259,10.70472,2010,7,-7.0
40.484028,-45.77405,2010,9,16.63
31.60221,26.337831,2011,7,20.78
14.539454,-26.58285,2014,2,7.32
-51.901764,28.811182,2010,1,-1.97
34.24507,28.731247,2012,9,20.44
-54.66728,7.9336514,2013,8,0.81
-52.46561,20.56308,2015,4,-2.79
0.71037525,8.570817,2012,2,14.91
-52.37251,1.4769017,2015,5,-3.12
-9.763439,-55.053345,2011,12,3.44
9.041446,34.029354,2016,7,15.85
6.8316875,-66.68158,2016,8,6.7
-14.85091,29.455084,2011,4,5.45
19.919,2.5234041,2012,11,16.33
-46.825222,41.352444,2013,3,2.27
-81.07198,18.908657,2012,12,-17.67
-18.601557,-30.839014,2011,7,6.89
34.734123,-30.044922,2016,9,15.18
41.00292,18.701878,2015,4,15.1
-69.55223,24.218853,2010,5,-11.39
46.422947,-24.950136,2016,4,14.81
-44.59411,51.0176,2015,5,2.0
42.421593,14.290654,2016,3,15.28
64.74083,4.77764,2013,7,17.14
-31.95007,-0.08419457,2009,9,4.06
38.839405,-31.180056,2016,6,15.78
-17.306253,20.57718,2012,9,5.6
53.85354,21.023129,2011,7,23.05
-1.7268285,-36.70379,2009,6,7.78
-5.2384515,-35.189384,2012,2,10.15
23.951492,3.7183092,2010,8,12.76
-38.80766,-4.2766986,2009,5,-0.82
13.533436,12.680508,2012,6,19.83
-48.020676,-18.88141,2016,11,2.47
10.933467,-11.772746,2010,2,12.44
16.435747,-5.0236163,2013,2,13.84
34.344334,35.559715,2014,6,19.92
60.258213,17.059288,2015,6,22.28
24.009901,-47.337467,2009,10,12.11
-17.985735,-11.276116,2014,12,11.65
-33.721478,15.813258,2016,8,4.57
10.641597,31.834702,2015,9,13.55
13.631509,-38.340233,2010,7,9.22
28.069086,26.975317,2009,12,18.78
0.93042225,5.525559,2012,3,10.53
22.440672,29.97719,2013,11,17.9
65.659775,-18.832577,2012,8,17.68
-7.1838913,-49.210148,2009,11,4.57
12.954422,-16.860983,2009,5,10.52
-26.6097,28.001272,2009,11,0.03
-53.273228,-11.057018,2014,12,0.52
25.16456,22.021475,2009,10,16.07
-22.62744,48.674683,2014,7,8.8
-31.940783,-67.72765,2016,4,6.39
-60.805466,31.532509,2009,4,-1.44
-3.1604385,-66.38316,2015,12,5.02
41.07827,18.794012,2015,4,15.91
-30.09084,-7.007537,2010,8,4.72
65.61543,30.211697,2012,4,23.95
65.00026,44.22061,2016,12,30.44
-31.099665,-66.81389,2016,4,5.19
-7.521517,-34.548996,2011,1,7.69
0.28634134,28.419756,2011,9,13.63
53.750076,8.1796665,2011,10,20.88
59.059845,29.877314,2013,2,27.4
-36.09223,-3.5058656,2009,6,3.23
-65.68648,-2.528592,2010,12,-5.63
-28.479939,26.662203,2011,11,2.49
19.074911,27.63949,2011,9,17.51
-61.702457,44.487053,2011,7,-0.63
-9.947238,-39.099903,2010,5,0.02
23.26411,-34.485504,2015,10,11.1
0.55133766,18.949938,2014,2,13.82
57.799232,2.7610333,2010,1,18.85
29.578213,-50.71708,2009,8,11.33
35.493702,-55.948174,2010,5,13.36
-58.056984,14.960717,2013,2,-1.14
-12.260005,-26.988045,2012,4,1.6
-1.6168103,-49.146866,2009,10,4.06
30.319756,-53.268517,2010,8,13.28
-16.50066,1.3173519,2012,4,6.85
6.959041,24.540543,2009,10,17.38
2.5280244,46.966747,2016,1,15.69
-77.73869,20.211765,2010,9,-9.2
63.257034,34.114445,2009,3,27.08
-45.822308,38.176243,2014,5,4.3
58.3723,-19.640003,2011,5,17.97
62.13579,-19.045115,2010,7,17.39
3.5355926,-49.72436,2012,8,7.14
45.25586,-38.95099,2013,8,12.83
2.6877763,-43.111176,2012,9,12.36
-19.176128,21.597973,2010,9,8.36
-63.231007,-2.4313722,2011,9,-4.15
49.221386,44.030407,2009,6,25.27
-3.3134198,-58.353817,2012,9,7.33
59.288223,19.17938,2016,5,24.87
18.074484,50.995956,2015,8,15.7
-13.645986,-45.475628,2012,9,-0.09
18.458296,49.30828,2015,7,17.88
-32.375584,22.513247,2016,12,4.78
-21.081593,-49.22502,2009,9,0.35
-50.30966,3.0714242,2016,1,-1.96
9.205137,32.814503,2015,8,14.57
-65.25937,27.7464,2010,5,-4.23
61.837875,19.538862,2015,2,25.15
-46.526173,18.33069,2014,2,2.78
-36.554665,35.912315,2015,2,2.2
20.770893,-19.44414,2016,1,13.21
42.710476,53.39292,2013,9,23.65
-82.86915,3.3063421,2010,9,-6.29
-8.668052,-34.60882,2009,1,4.67
-65.67265,21.653923,2009,1,-4.03
-22.293518,26.456972,2011,11,7.06
-28.606844,-10.013872,2009,7,8.09
37.729084,-31.917171,2015,8,17.01
-37.621166,-65.1452,2014,4,-0.22
-5.9999146,4.3009872,2014,1,12.53
-57.254234,6.809467,2013,6,0.43
71.8194,1.0997367,2012,7,22.71
13.370487,13.558676,2011,6,19.55
-12.161314,41.2717,2010,4,12.46
-59.398808,12.178509,2013,2,-0.21
53.641663,-23.289425,2010,1,15.3
12.8098545,-6.262619,2011,2,12.39
-13.356453,50.01646,2014,12,8.99
69.21191,30.847906,2012,1,20.83
-3.7904835,-21.75495,2010,3,8.8
-18.57088,9.633806,2013,6,6.36
-18.557928,-65.03245,2011,9,1.68
-50.553696,-6.0182033,2015,7,2.03
31.227556,-2.5284526,2009,10,10.89
39.78765,-40.873318,2014,12,12.63
-5.352131,43.11679,2011,1,12.82
65.52994,34.135548,2012,4,25.46
-2.7680583,40.921074,2011,4,6.11
10.53756,43.175636,2011,1,14.72
26.33945,44.73951,2013,11,17.25
-9.638983,-51.68336,2012,10,2.3
-77.33931,-1.3265257,2011,12,0.44
-1.7669789,-41.83006,2013,9,10.67
-52.046227,11.405355,2016,5,-2.41
-5.3273454,-21.115404,2009,5,9.89
-32.284946,47.451973,2013,3,2.4
59.459328,-24.255373,2009,3,16.31
-2.663669,-57.49257,2012,8,7.39
-50.06926,-6.9415584,2014,8,1.66
-22.79998,26.779222,2011,12,4.32
4.589783,53.4243,2015,7,13.82
-54.346863,27.680023,2012,1,-0.29
-16.872482,10.242592,2013,5,6.69
76.922195,-12.410081,2014,11,22.31
41.197758,52.232635,2013,6,23.12
5.689425,12.629381,2009,1,15.77
78.803566,-10.989373,2014,10,26.0
-23.953312,-39.73372,2010,12,2.94
0.65594196,-7.742317,2011,4,8.81
32.464706,36.202427,2016,6,18.57
-38.920498,40.01142,2014,3,6.16
-24.035488,-59.531277,2016,12,-0.7
-29.024452,-35.29472,2010,9,9.3
27.150314,-36.197186,2013,11,11.5
-78.14277,7.1737223,2010,7,-5.79
-13.042934,-41.880844,2012,7,-3.5
25.433334,36.0971,2015,11,22.23
27.438555,-29.306545,2016,7,12.75
-4.484385,51.236057,2016,9,11.62
-40.100243,17.892748,2016,7,1.31
-29.299002,-48.219738,2015,11,2.65
-4.7960434,34.803898,2010,6,14.43
-86.704475,16.521801,2012,2,-14.61
-33.258278,-61.72466,2016,3,2.85
23.781925,-5.9125795,2012,7,9.13
-12.386385,-43.732475,2010,5,-3.76
41.462173,44.95307,2014,2,19.13
23.582396,42.01075,2016,10,20.11
-8.930251,-31.672281,2010,1,5.8
36.838593,-35.380985,2015,9,12.53
64.73621,42.624462,2016,10,27.8
-17.616539,55.995647,2014,7,12.92
58.889206,24.145132,2012,2,23.46
34.702213,7.866415,2009,6,17.0
19.666399,-28.068302,2015,6,10.71
-56.014786,30.482336,2009,5,0.5
63.053596,-25.498486,2010,5,18.84
-12.9898615,40.540657,2010,4,10.19
59.90093,-17.903824,2010,5,18.83
-12.922208,-58.272427,2011,8,0.3
-25.038363,32.99313,2009,9,1.15
8.404631,-57.129574,2014,12,4.77
-27.381254,-14.222963,2009,12,8.18
-47.992413,13.363216,2016,8,4.05
-35.097485,11.97697,2014,12,1.11
22.734642,-14.177127,2014,2,10.72
46.955097,7.1685257,2010,8,17.3
-80.18841,-1.6771891,2013,12,-2.34
35.710957,-51.43566,2010,9,12.43
-1.9300573,-30.403742,2012,3,9.95
29.110258,-44.384155,2011,11,15.03
-75.249435,10.42649,2011,6,-0.77
-22.236343,-56.590836,2012,8,-9.73
51.83221,2.1934004,2014,8,16.69
-10.741955,-49.895985,2014,11,2.8
-40.614937,-62.277637,2013,3,-2.95
46.253708,-43.245255,2012,12,12.16
-77.19669,21.856407,2010,8,-11.81
4.24804,-69.25036,2016,11,6.95
-16.196524,-26.995255,2011,7,2.1
14.699032,-5.7229905,2011,1,15.16
38.989853,53.38956,2013,8,22.33
46.587566,3.4206533,2014,10,18.88
65.51801,-7.4225445,2013,4,19.71
-30.373817,40.620644,2012,2,6.62
-23.81431,56.87288,2012,5,4.27
-28.396416,-34.825287,2009,9,8.9
-39.227695,-3.014036,2009,5,0.31
67.12694,-27.308577,2015,6,19.34
-24.163786,-53.50963,2012,7,-7.34
-35.758915,-66.512184,2013,3,2.35
-56.413345,8.2448015,2013,5,1.13
21.320284,12.098586,2015,6,16.71
-53.16242,24.02707,2011,2,4.09
19.014795,52.51837,2015,10,17.69
-31.986237,0.33070222,2009,7,2.23
14.269712,-13.127807,2010,2,12.1
-14.349373,34.367775,2009,3,9.6
11.345374,-17.376999,2010,4,9.04
-22.351696,2.878706,2011,9,12.23
21.08719,12.124982,2015,6,15.51
22.762701,32.44608,2014,11,16.7
55.714237,-12.797139,2014,2,16.68
-9.582492,-45.732403,2011,8,4.5
27.348732,14.435475,2009,4,19.38
27.280573,-51.759094,2009,10,11.95
-32.682205,48.11997,2015,2,4.06
34.357357,-37.04949,2015,9,13.68
-55.35164,12.974306,2012,6,3.28
-25.999178,29.816542,2009,9,4.7
-68.63535,29.265879,2009,1,-5.84
-37.152153,-23.288824,2010,10,8.89
-77.19644,22.388208,2009,6,-13.24
-50.709785,40.697124,2013,1,1.15
26.750582,11.884943,2009,7,18.24
1.7868932,17.361002,2011,3,15.91
20.593657,-7.086632,2013,3,13.1
-19.216885,40.545547,2011,6,8.72
12.887633,39.78819,2010,3,18.54
0.2966161,-41.42267,2011,7,10.77
-34.34078,1.5929242,2009,10,1.58
25.033985,-21.413143,2016,3,15.09
-48.625187,-18.128647,2015,12,1.44
7.1110163,-47.22984,2013,6,7.53
54.090004,42.5134,2010,2,29.92
-0.072926454,-14.832632,2011,2,10.01
46.63659,31.569813,2016,1,22.98
-15.829894,-52.40672,2010,9,-1.92
25.429829,41.227478,2012,11,18.88
-5.1924095,-21.909,2010,4,9.72
-35.244026,-60.091934,2015,4,-0.04
45.410915,-35.502228,2014,8,13.57
7.37994,-57.93777,2014,11,4.41
-82.44884,1.5195144,2010,11,-3.4
32.683662,46.562504,2011,7,22.81
-31.652908,36.53954,2012,2,9.27
37.058292,37.20489,2012,4,20.65
48.322426,-4.5061607,2016,5,17.71
29.961067,-9.737666,2015,6,12.09
21.998716,-20.051064,2016,2,11.05
47.95715,-34.62696,2015,7,14.0
4.6332374,51.518154,2014,5,16.64
64.86914,49.85053,2015,3,29.67
64.92922,-18.446648,2011,7,19.88
19.340828,32.693268,2011,10,21.7
-36.268837,41.359974,2015,1,6.53
60.07913,-7.714369,2014,4,21.03
-23.998756,-43.65371,2011,11,0.47
10.193416,10.182889,2009,5,8.32
24.406712,3.3458414,2010,8,13.99
-25.65276,2.1491985,2012,5,5.11
-6.1856747,-22.053476,2010,5,7.68
33.109783,14.700355,2012,8,18.54
-69.74658,21.172583,2011,5,-6.29
-23.318323,37.616375,2011,7,6.5
30.985392,25.672129,2011,7,19.92
41.678616,7.767106,2016,9,17.82
-23.820028,26.15965,2009,12,4.27
8.330858,-49.98992,2014,9,8.57
46.140778,-32.927788,2014,5,12.88
-80.34957,19.745922,2009,10,-15.93
-76.98681,16.205063,2009,11,-5.16
-33.20424,-64.82916,2013,1,5.67
-63.641663,24.971846,2009,4,-2.05
10.556624,53.079407,2016,11,17.12
-1.8720108,2.5897622,2009,3,8.36
5.9767237,-64.22924,2016,10,4.31
-63.53544,18.58461,2009,1,-3.79
17.638851,-23.765821,2014,2,11.23
43.845688,23.532959,2015,4,20.22
-34.75884,-59.376003,2014,5,0.66
14.502506,0.5765006,2011,4,14.54
-19.112923,22.991783,2012,12,11.24
-73.81482,-0.7049442,2010,12,-6.93
-55.674583,13.6564,2013,5,0.48
-23.903732,-49.473118,2012,12,5.48
-26.790396,37.081165,2012,5,3.77
2.7891629,-18.041727,2010,3,10.49
61.659603,12.8499,2010,5,19.45
42.311455,51.033855,2013,7,22.31
40.613888,-4.9293747,2015,7,14.41
-34.769337,22.20345,2016,12,2.57
40.927265,-47.96612,2009,11,15.79
3.4136224,-41.42646,2012,7,10.0
41.640923,44.754166,2014,3,19.26
-68.54917,-0.5571707,2010,10,-7.29
-28.749756,-48.43944,2015,12,4.38
-19.239546,19.297205,2012,10,5.53
12.921356,-11.495602,2011,2,10.93
68.29152,41.621117,2010,12,31.5
-38.922764,-61.1768,2015,3,0.05
48.82122,3.8321035,2013,8,18.91
-43.03758,-47.30982,2010,1,-11.81
-0.9403415,-28.045547,2016,5,8.8
32.553883,-54.55132,2009,7,13.3
-24.911495,-48.39263,2013,12,8.28
-9.599811,-74.8324,2016,9,2.73
-11.578222,37.38619,2011,4,10.04
-8.224906,-5.788967,2016,5,7.23
-59.82388,-8.332006,2015,12,-4.12
21.899279,32.443554,2013,11,15.87
-38.5993,-50.913105,2012,2,-1.76
-11.555546,-37.68297,2012,4,2.93
59.78257,-24.017664,2009,3,18.04
56.769108,-18.523285,2010,3,18.52
31.358858,-25.365896,2016,6,15.62
-77.17667,10.85903,2010,7,-5.64
-66.5318,31.698765,2011,4,-7.82
7.5566106,-63.53701,2016,11,7.53
32.765404,25.154604,2012,7,21.3
-4.2986484,-29.63331,2012,1,7.92
-8.320077,-55.106663,2009,11,1.91
-26.266026,-42.19585,2009,11,0.98
-39.753677,11.228791,2013,10,1.64
-44.09345,42.35499,2015,2,1.69
-14.890201,-6.596741,2014,7,8.89
-57.932404,27.127497,2010,2,-3.88
-80.806175,1.5276699,2010,11,-6.21
17.982622,52.310688,2015,8,15.65
58.68604,24.939903,2010,1,25.12
61.482162,-9.383527,2015,4,21.62
-27.729464,9.638219,2012,8,2.82
-4.386081,-45.573887,2011,8,5.93
13.519023,6.8143296,2009,4,17.88
53.98603,41.453503,2009,1,29.89
25.185484,23.686485,2011,11,17.48
11.15399,-2.6131768,2010,4,11.48
-13.628353,15.411037,2013,7,5.84
22.57472,-35.42637,2015,10,11.37
54.06654,43.970303,2011,4,25.73
-1.4247832,42.794624,2015,6,5.1
-36.619698,34.147926,2014,3,4.24
35.80635,-51.35945,2010,9,12.7
-66.39616,31.55125,2011,4,-7.42
13.312286,4.9036207,2012,3,17.07
10.259742,25.246292,2011,11,16.98
42.94159,51.42296,2013,8,22.43
73.7428,3.3913057,2012,8,20.37
-5.69516,16.106392,2011,1,6.59
1.2253536,-31.307741,2011,5,7.64
-64.12565,24.522821,2011,4,-1.91
-47.4489,33.530586,2014,1,1.68
-37.311375,40.136017,2014,2,6.96
17.339216,30.448677,2013,10,16.53
19.382193,-54.102856,2010,11,8.56
-15.129414,-6.355406,2014,7,7.4
-28.168272,8.283036,2012,8,3.23
-14.063983,49.746647,2013,12,9.87
17.055435,32.82489,2012,10,17.0
-3.4391568,-49.704155,2009,10,6.11
-36.074894,41.68223,2015,1,6.61
-75.64019,0.06451294,2010,11,-6.74
27.28368,-20.326855,2015,1,15.16
28.218395,-32.699345,2016,11,11.56
77.11891,-12.441534,2014,11,20.91
-11.388811,-33.025627,2009,2,1.63
40.25723,-33.38612,2016,9,16.41
31.410593,-23.96297,2016,5,14.15
32.965267,17.16969,2015,8,17.49
6.520526,9.052653,2011,6,12.99
24.159676,-24.756962,2016,4,12.63
27.165415,-29.22581,2016,7,11.65
53.452106,-6.762833,2016,3,17.7
-83.59466,20.527525,2012,3,-18.43
-66.318665,4.0672607,2010,12,-9.21
49.174046,51.07538,2015,5,25.48
34.057323,-51.413635,2011,8,11.14
-50.28979,-4.1927366,2015,6,-0.3
-18.683167,-59.134468,2013,12,-0.7
-8.639194,-42.308258,2012,6,4.76
61.966923,38.428406,2012,11,25.35
54.164013,-2.9050398,2014,7,17.95
59.007816,17.402534,2013,4,21.86
-16.140417,17.212065,2015,10,4.08
70.21973,1.4976511,2011,7,19.66
-29.611963,-3.5557997,2011,8,7.91
19.598299,5.685514,2015,9,14.68
-20.304102,-7.146275,2015,9,7.22
31.39352,-23.816399,2016,5,14.7
35.691696,3.3192124,2010,5,14.71
-24.951714,44.385242,2012,7,2.7
19.698671,30.87208,2011,11,19.95
12.670078,-51.628357,2013,10,7.8
-57.42841,-6.733621,2016,8,-0.7
1.5896404,-70.06859,2015,11,9.58
5.8108296,53.25349,2014,7,16.45
-7.649717,-27.297026,2012,2,6.2
-17.518942,8.961432,2013,4,9.85
-41.48771,4.8024955,2009,3,4.26
58.777134,18.248987,2013,4,23.41
-34.218132,-58.882782,2014,5,0.19
15.398796,-35.446472,2012,6,11.77
19.638706,-10.813773,2012,2,12.33
-47.40521,-0.008801669,2013,2,-1.24
35.65689,-30.734434,2016,9,17.03
-25.687063,8.11495,2014,9,4.46
31.680452,11.523986,2011,7,14.83
-75.5331,18.88379,2009,7,-10.73
-80.96559,-3.0579858,2013,12,-5.57
-19.236183,40.68311,2011,6,9.01
-70.70176,28.375227,2011,1,-8.09
29.582598,31.295721,2014,11,21.21
15.084104,-48.828186,2013,10,7.83
-57.612522,6.437294,2013,8,-2.55
5.9050803,36.363235,2016,7,10.66
-36.047348,-70.349525,2015,1,6.66
36.929573,19.328835,2014,7,19.19
42.69647,42.423748,2013,4,21.46
-6.8872914,-7.8911724,2013,4,8.07
-22.461033,45.92782,2016,8,4.95
-77.40296,4.94827,2010,8,-6.52
-19.31055,-8.881581,2014,11,7.84
-11.694764,-2.5342793,2016,3,5.15
53.88942,-5.788126,2016,3,18.06
-41.299923,-54.22083,2014,4,-2.16
13.528061,-13.672564,2011,3,11.43
57.839645,21.676172,2011,3,21.51
6.1300187,-5.6163955,2011,3,10.17
-67.22225,32.192913,2010,2,-7.16
52.24544,49.68054,2015,1,25.81
-62.16465,26.390003,2011,3,-1.16
27.361742,39.816093,2015,11,25.02
-53.5607,24.023247,2010,1,2.23
-59.78604,36.672062,2010,5,-2.81
-10.337943,-5.993645,2014,4,9.65
26.983906,-13.741831,2016,3,13.15
-36.88016,-25.066874,2010,12,7.66
-50.844986,-12.632384,2014,12,0.96
20.732635,36.84954,2015,10,19.41
-52.037903,11.426118,2016,6,-4.7
43.238823,16.08931,2015,2,16.56
-14.434953,33.19937,2010,4,6.42
-19.59574,-30.237738,2010,7,5.49
-1.648979,42.391094,2015,5,4.35
-27.476986,-36.654152,2011,7,5.23
-5.782056,-3.666675,2016,1,9.16
-8.573123,-22.595234,2009,2,7.48
-16.509398,-29.105211,2011,5,1.23
41.530277,44.6718,2014,3,18.59
69.35471,44.909153,2014,10,28.39
-51.730034,2.4589105,2014,3,-0.61
10.115401,-10.97508,2010,1,10.0
-39.1282,35.75729,2014,4,5.31
28.309792,4.5046234,2011,7,13.79
38.04329,31.770916,2009,9,21.67
9.266537,35.386055,2015,7,15.07
-24.396027,-42.056553,2009,12,0.44
-1.0913483,-13.911858,2011,1,8.86
15.6496105,-35.18745,2012,6,13.23
-23.042057,-54.18822,2012,8,-5.01
51.955414,45.620792,2012,3,25.1
-16.0924,-6.783887,2014,7,8.71
32.312145,46.578648,2011,9,20.62
-83.79119,21.55775,2012,3,-11.73
36.551006,36.9041,2014,2,20.74
1.1384888,-34.344376,2010,6,7.08
51.62793,-14.563152,2012,4,17.7
-24.0514,17.938063,2011,8,4.82
-43.51129,-60.857,2016,2,-1.4
23.087456,29.857973,2014,9,19.05
-49.612442,4.4042015,2013,1,1.19
-30.69875,-21.334095,2013,8,8.76
16.774002,44.448616,2014,9,15.35
-48.46266,27.03051,2010,3,-0.1
7.6258984,36.451954,2013,6,12.89
21.642305,-24.375015,2016,1,10.6
-14.121768,3.3466895,2012,3,4.01
-5.6368256,22.319302,2012,2,6.68
-14.691509,-45.620296,2014,10,2.91
63.26371,40.29372,2014,10,27.25
42.743164,-45.922977,2011,11,17.04
72.79,0.034760643,2014,8,21.23
-13.47715,-72.63149,2016,6,5.17
-16.139633,46.854614,2011,11,6.92
64.28183,-23.431835,2011,5,19.83
-17.915234,38.706787,2010,5,6.21
54.71743,52.823685,2014,3,25.18
-50.8807,-12.481782,2014,12,1.21
-4.4482136,10.130232,2013,3,10.01
-16.882744,-44.272694,2012,7,10.02
-36.193214,15.721808,2016,11,3.67
-4.5595875,-10.541232,2011,3,9.52
-21.054691,19.78016,2014,12,5.71
37.771214,-12.828274,2014,11,13.0
44.375164,19.318092,2016,1,18.1
-14.823432,30.594952,2011,4,5.41
33.19157,-19.569818,2012,7,16.59
48.41087,-39.51285,2016,10,14.28
11.692596,-15.932554,2009,4,10.17
-5.760068,50.20396,2013,8,7.49
-49.27199,-8.481386,2015,9,5.37
33.150944,-31.335556,2016,10,14.98
-10.423036,-6.9554973,2014,5,8.38
41.700268,-48.624935,2009,9,16.81
3.428759,17.392994,2010,5,11.67
58.7244,-5.875755,2013,5,22.13
17.662,26.331318,2011,9,13.74
3.2125797,44.378265,2013,2,12.53
-40.492466,16.850533,2016,7,4.47
-83.974724,-2.2756927,2013,11,-5.69
2.795102,-43.464157,2012,9,11.23
-1.335191,-48.12309,2009,7,2.96
35.820366,-4.2112875,2013,9,13.09
-0.23363306,43.121616,2014,3,9.73
54.91024,52.65278,2014,3,26.62
65.581535,0.4489166,2011,5,18.05
22.703344,-40.812515,2012,8,14.39
16.52169,44.891075,2014,9,13.71
-12.355678,-68.47247,2014,9,1.53
-15.178047,1.624691,2012,4,7.09
-63.403664,45.502754,2011,7,2.27
-6.552437,14.061138,2014,2,5.43
47.44212,-29.596615,2016,4,15.7
12.905179,39.639038,2010,3,17.49
-11.269672,4.2988605,2012,2,7.66
-21.837595,29.742079,2012,12,7.01
-17.551693,-59.425465,2013,12,0.38
21.61769,-22.103336,2015,3,11.65
13.203602,-5.0294523,2010,3,13.98
-83.88375,18.004751,2012,6,-16.68
-58.033916,35.19026,2010,1,1.3
59.788494,18.517534,2015,4,23.18
28.35193,0.9779022,2012,8,12.91
59.80079,25.470432,2012,2,25.93
-0.89451766,-36.90501,2009,6,8.28
-24.89347,15.50388,2015,12,5.52
13.070779,-12.757638,2011,3,11.51
8.071781,-3.400552,2011,3,12.52
-48.88251,-19.145468,2016,11,3.39
30.416407,49.48869,2013,5,18.09
-12.160976,38.93824,2009,1,12.16
20.758366,50.847607,2014,12,18.8
42.23111,15.82496,2014,1,16.05
-71.924614,25.872633,2011,4,-4.33
36.17695,-0.2998912,2012,6,14.05
-59.21643,12.07309,2013,3,-0.73
51.577408,30.041805,2016,4,21.65
-26.609257,-24.448492,2010,8,1.91
-82.175064,3.2254255,2010,9,-4.64
16.838017,47.614254,2015,7,14.51
-50.430317,0.49264747,2015,4,-1.09
-3.2994113,-5.5568786,2014,1,10.38
-53.200165,-11.043715,2014,12,0.24
-31.141903,33.18252,2009,6,8.55
-76.57929,-2.431938,2013,12,-2.77
-8.230207,12.785234,2014,3,4.07
46.811596,-27.489998,2015,4,12.82
-31.59985,-8.634427,2009,6,4.58
26.158869,-47.790874,2011,9,11.06
7.5479684,46.72157,2016,5,17.26
10.142164,-33.404556,2009,5,9.39
-20.44119,7.452207,2013,6,6.56
-7.5420513,27.157314,2011,9,7.06
53.813095,-1.1044077,2014,5,18.32
39.60781,14.793549,2016,4,15.2
40.13463,-27.228355,2015,7,19.29
0.70010096,-11.595539,2010,3,12.26
73.313324,-12.3345995,2015,8,22.23
31.800863,-44.78028,2012,9,15.61
-77.58402,-1.1527799,2011,12,-0.69
-20.459698,-15.145853,2014,11,11.04
67.66054,46.189365,2015,6,28.87
41.92719,-27.751663,2015,6,16.58
3.5453115,-15.507886,2010,2,9.86
5.3150125,-64.38596,2016,10,5.91
64.78668,46.60496,2015,8,30.47
-21.426962,-29.207468,2010,6,5.37
50.690666,28.983715,2014,3,19.4
1.1896896,-4.6533217,2013,3,7.24
-52.05812,21.140995,2013,3,0.47
-38.563766,-50.770233,2012,2,-1.65
-19.785057,54.9732,2016,9,6.13
-13.61767,16.339087,2012,9,4.71
56.444107,7.1782413,2009,7,19.54
24.703127,31.17009,2013,10,18.99
-31.511099,-62.939888,2016,3,3.07
50.59213,25.358574,2011,7,20.56
-63.00514,19.10023,2009,1,-2.83
-44.108643,-59.841537,2016,3,-0.98
11.543985,-16.930904,2010,3,9.63
28.406439,43.695812,2009,12,19.16
-47.601406,18.81741,2012,1,3.47
-10.00823,-22.813,2009,3,6.17
-15.564625,-48.105522,2015,11,2.57
-9.877384,-53.76928,2010,12,1.36
65.43621,29.440096,2010,4,24.08
35.832443,28.970045,2010,8,22.22
-37.008236,22.782001,2016,8,3.33
42.72304,48.615116,2013,5,22.2
-22.010344,29.33724,2011,12,7.21
30.677723,10.577295,2010,4,16.44
-1.6303173,-22.192389,2010,2,5.79
28.233479,-28.654718,2016,7,14.59
-52.058037,49.875893,2015,8,0.64
33.61673,-44.013596,2012,10,16.42
31.293568,-0.86355907,2009,9,12.86
-6.231999,0.25019696,2016,7,8.84
-77.97415,8.528689,2010,6,-5.42
-24.28872,-41.862198,2009,12,0.21
-28.133982,26.956455,2011,11,2.48
54.04664,-23.044851,2010,1,16.39
-22.173721,27.12794,2011,11,6.99
-44.77093,-0.22448307,2012,6,2.7
0.84022605,35.92888,2015,7,12.48
-2.4747512,-29.475964,2013,3,9.57
-30.086569,42.522575,2012,2,5.99
-48.997517,42.214203,2013,3,2.6
2.1380002,-41.606842,2012,7,13.01
41.614014,-42.87377,2012,11,13.66
58.81924,28.79887,2011,3,27.14
-48.206318,44.852993,2013,2,3.71
-25.350863,4.116122,2011,8,7.25
42.21995,14.990016,2015,2,14.52
-6.3494487,42.967834,2009,1,11.09
-54.765232,16.100163,2016,1,0.77
-76.13792,18.28211,2009,8,-7.34
-39.578632,19.95167,2016,6,4.18
-12.909941,38.348164,2009,4,12.01
-60.892246,32.227707,2010,4,-1.87
-69.694016,21.321293,2011,5,-5.59
-65.98542,-4.187749,2010,12,-4.5
32.676506,27.955765,2011,8,22.08
73.34851,-14.851525,2010,12,21.54
-15.475416,23.38885,2014,9,9.54
-4.4116764,10.088879,2013,3,10.66
58.143303,16.980167,2013,3,21.68
-7.9275804,27.22894,2011,9,3.64
9.496513,-56.602478,2014,11,5.18
-15.025689,-45.634003,2015,11,4.38
42.033234,51.182106,2013,7,21.4
37.340416,-35.70345,2015,9,12.58
58.912685,24.280077,2010,1,23.88
4.8524165,52.515488,2014,8,16.09
41.728096,3.5990279,2015,12,15.61
-23.913952,27.190538,2010,12,3.58
47.850895,-16.591318,2010,6,15.92
32.81855,21.299578,2012,7,19.86
-13.448847,-25.268171,2009,6,4.54
-14.811891,1.8981696,2012,4,5.89
61.479565,-3.0169911,2014,2,14.98
-12.926428,-41.051502,2010,5,-1.95
27.138018,-43.47599,2013,11,16.09
9.823741,31.330599,2015,9,12.67
37.567574,1.9652599,2010,5,16.55
-56.401436,37.34753,2011,2,0.38
13.82852,-6.534241,2012,1,12.94
23.20275,23.482168,2009,10,15.47
-20.918934,-59.389206,2014,9,-3.71
-55.59494,17.349113,2016,2,-0.69
-79.70432,2.0633776,2010,11,-7.02
16.086874,22.942663,2009,12,14.11
45.323277,44.575768,2012,3,22.59
36.873573,20.314505,2016,6,15.34
-80.46141,-4.5015583,2013,10,-0.71
57.296364,44.05447,2010,8,27.52
-39.27112,-2.3860414,2009,5,-1.04
-49.77433,21.894398,2015,2,0.73
-9.781326,-22.905607,2009,3,6.36
-43.148426,22.558659,2015,1,-2.59
17.576355,21.324854,2009,11,15.82
18.780325,-3.7465394,2012,3,16.14
-50.358425,-7.5937033,2015,8,5.85
-64.86938,-5.427411,2011,12,-0.51
17.712368,51.56647,2015,9,14.81
-68.15614,26.038128,2011,5,-6.97
-49.407257,-9.105726,2014,11,5.69
35.059643,-32.26588,2014,10,16.74
20.07871,-16.332613,2013,2,14.54
42.710068,-35.807594,2013,8,15.03
31.29949,41.513264,2011,12,24.76
36.58523,-33.701035,2015,9,15.11
-25.25404,29.104181,2009,11,0.9
-58.616913,32.724304,2010,4,2.24
-26.756414,21.473917,2012,8,3.0
-26.677431,-41.72716,2010,12,-1.15
16.431782,12.919579,2009,8,18.53
38.066185,24.748167,2010,4,19.66
-2.319274,11.930316,2013,2,10.38
-4.7561164,3.5974834,2013,4,11.79
-83.09188,22.827904,2012,3,-13.88
29.33486,-38.850857,2013,11,12.25
47.392017,-41.597027,2014,11,14.15
-23.216936,12.945156,2015,9,7.38
68.75511,3.9230716,2015,6,21.09
-24.934902,32.912544,2009,10,5.16
-58.608616,9.964518,2012,5,4.04
5.650561,42.904465,2013,5,14.99
-81.70609,2.5036619,2010,10,-4.71
-17.343882,-29.287508,2011,5,2.6
-6.7314606,0.1638108,2016,6,11.51
-58.007263,26.163506,2010,2,-4.12
-2.561801,-29.923677,2012,3,9.12
56.189857,6.969338,2009,7,17.55
31.24948,-17.831738,2013,8,14.27
49.658096,52.268543,2016,7,24.65
19.807919,28.12775,2011,10,16.77
-45.61626,-12.712792,2016,10,1.62
-27.59231,-2.5983727,2013,11,6.09
25.20968,36.50971,2016,10,22.23
-79.29466,19.769379,2009,11,-10.75
23.219606,-22.006382,2016,2,12.93
-10.998302,-3.541287,2015,2,6.34
-48.003586,-19.282682,2015,12,3.36
63.997196,0.0655968,2011,5,14.36
-2.6429522,-5.2182117,2015,1,11.87
57.812546,38.70721,2011,6,26.34
-6.8588824,-28.844753,2011,4,6.83
9.269051,-7.57207,2010,1,11.1
-20.817099,-22.010294,2010,12,9.79
-80.19186,1.0123646,2010,11,-5.72
26.856134,-52.00912,2009,11,11.16
0.7938729,-71.23582,2015,12,13.47
-21.066376,13.989543,2012,12,6.31
-41.258778,-54.29593,2014,4,-2.19
-41.985428,-52.99725,2014,2,-2.33
-65.95697,-4.2733026,2010,12,-3.92
-33.262695,15.584491,2016,8,5.86
20.335787,23.475616,2009,9,16.0
31.458187,-43.78259,2012,10,17.18
11.817775,-13.852814,2009,1,10.18
4.5239162,14.96011,2009,5,13.4
-52.255424,30.217981,2010,1,-2.52
13.347452,-11.40614,2011,1,10.73
-83.70747,14.779916,2012,8,-9.14
30.87373,-45.584236,2012,9,14.57
-32.307262,-9.6298275,2009,6,4.64
54.20818,-14.440221,2013,2,18.29
27.853018,-37.26405,2012,10,10.85
28.717117,8.80643,2010,6,15.31
20.69505,36.662495,2016,9,18.51
-77.80777,5.085401,2010,8,-6.47
38.038696,-44.052593,2012,10,12.07
-8.785508,16.266624,2011,3,2.44
25.373741,-46.67792,2011,9,11.77
44.920773,52.694862,2015,12,22.63
42.034863,-34.799778,2013,8,17.55
43.897724,-3.0414507,2016,12,16.16
-2.835944,-57.447426,2012,9,6.79
5.9218683,23.513542,2009,10,14.2
14.108681,-38.387447,2010,7,10.72
-76.18835,1.875754,2010,12,-8.07
-18.937029,46.599686,2014,10,6.16
22.187195,-29.02815,2016,7,9.76
-5.712939,-12.873783,2009,3,8.99
-60.603165,-1.6914891,2011,9,-1.02
-15.270171,38.42874,2009,5,8.91
-45.972645,-57.951355,2014,5,2.25
-72.7141,12.302133,2011,6,-1.37
-3.6838775,15.40958,2010,4,8.04
28.987186,1.1958902,2011,8,12.7
10.393404,-10.78899,2010,1,10.18
-48.497967,2.468697,2015,2,1.72
66.93699,35.084236,2012,2,22.14
32.284096,29.932444,2011,11,22.4
18.523691,-53.837265,2011,12,8.04
-29.207397,25.481853,2011,9,4.7
34.32169,8.918153,2010,7,16.78
-31.83458,-6.855351,2009,7,7.03
25.832165,20.801218,2012,9,15.85
5.495184,-59.20839,2012,12,6.21
-13.666902,-72.383484,2016,5,5.0
69.677025,-1.111991,2013,7,23.41
-61.548016,-3.0965283,2013,10,-3.25
-11.638267,-31.179043,2009,1,4.87
13.571131,4.8441186,2012,3,17.3
16.259802,-8.72408,2012,1,12.41
-60.57651,4.0978966,2013,8,-1.98
-53.3684,7.601541,2013,7,6.66
12.571641,-51.91658,2013,10,7.87
-63.25684,-4.698598,2011,10,0.28
9.749125,-38.434425,2011,7,11.48
25.087767,31.047562,2013,12,19.87
-1.1077955,-8.998332,2012,2,9.21
12.574408,-54.773136,2013,12,9.65
-39.537083,45.395935,2016,1,7.53
53.8511,35.451523,2016,5,22.35
-12.910701,45.74911,2014,9,10.24
36.908737,20.018097,2015,5,17.5
18.42703,-53.755207,2011,12,8.06
-8.122059,-69.55868,2016,10,1.17
-37.25985,12.774508,2016,10,1.05
-26.594364,-24.456537,2010,8,1.81
-41.421593,4.5322723,2009,3,2.86
-59.468918,0.067279235,2012,8,0.26
36.11563,-25.541672,2014,11,18.12
-2.923217,-33.227604,2012,5,7.51
-30.245573,-6.753983,2010,8,4.91
-6.260427,43.085464,2009,1,13.01
29.396505,-1.5423203,2009,10,12.59
9.892493,-53.49872,2012,12,10.98
39.105247,43.21846,2015,4,17.94
-28.881245,-47.262577,2015,10,7.87
-46.879692,-20.351269,2015,11,6.17
30.593603,-29.505692,2014,7,13.82
-28.553814,-65.45275,2016,2,8.02
-35.761284,-71.229774,2015,2,9.64
-7.2923403,-54.028713,2009,10,3.59
-57.21654,-2.631656,2012,7,-0.92
-42.18211,14.017125,2013,7,0.13
-52.819527,9.221455,2016,7,3.26
-10.03163,-3.704834,2015,3,8.34
56.74365,14.37871,2013,3,16.26
72.75691,-6.107047,2014,10,19.76
-44.119534,-54.000122,2014,2,-2.92
75.44594,-14.670568,2014,11,20.9
31.729973,-50.674324,2009,9,13.0
-47.961,45.087955,2013,2,4.35
-14.700447,2.099079,2012,4,5.36
-11.18653,-47.809692,2011,12,5.74
-33.90754,36.47838,2014,2,11.79
41.093098,-39.977592,2015,12,14.07
-45.72945,19.336563,2014,2,0.67
52.093304,3.388264,2014,10,17.89
73.50839,-5.1429257,2015,12,18.96
27.071615,-40.269787,2012,9,13.34
29.185564,1.5651538,2011,9,11.12
-70.95057,-1.6736286,2010,9,-7.5
-83.66083,-0.086987354,2010,12,-4.17
54.54057,33.649757,2016,3,21.41
33.717747,-29.56371,2016,10,16.24
73.21203,-5.6488333,2015,10,19.59
0.59813815,42.561264,2016,4,11.52
-31.696634,-22.678497,2010,7,3.23
16.365713,-27.975336,2014,5,5.42
11.012771,5.0345817,2010,5,13.51
-67.56152,34.17227,2011,2,-3.16
20.101791,53.665558,2016,8,15.42
-14.652466,48.717175,2011,11,8.67
-50.31365,28.925417,2010,3,2.07
15.586427,30.956049,2012,9,14.19
27.674566,-9.156576,2014,5,11.6
-56.816563,32.80644,2010,4,5.1
7.3384924,41.786896,2012,2,15.52
-5.7518644,-7.4662733,2014,3,8.29
46.828266,31.234385,2016,1,21.24
-12.069534,-2.7178051,2015,2,3.25
-4.796074,-55.414104,2009,9,5.36
-11.648126,-6.515921,2016,6,8.78
45.19903,44.487255,2012,3,22.44
66.70549,-5.9741974,2012,5,17.44
-2.377055,11.853432,2013,2,10.32
-64.41341,-3.782768,2011,11,-4.61
61.62266,46.474125,2015,4,30.18
-6.423124,-13.022163,2009,4,7.45
-41.48943,5.2223067,2009,2,4.67
39.413544,17.512514,2016,6,16.1
-33.78388,-64.47881,2013,1,4.56
-8.721193,8.880087,2016,4,9.57
13.842394,11.871624,2012,4,17.17
-59.28405,36.83817,2010,3,-1.95
22.119917,28.87269,2016,10,17.97
-51.36704,-8.967125,2014,9,1.88
-46.086384,46.147316,2015,1,5.78
-5.381534,15.420459,2011,2,7.04
-7.601148,-29.092037,2013,6,4.96
25.264318,-10.5989065,2015,1,10.81
-20.9508,-59.105145,2014,9,-4.82
54.79478,-0.3866044,2013,3,17.28
-14.181198,-3.5753593,2014,5,10.28
-10.737681,21.147432,2014,12,9.66
54.10521,-15.980006,2012,2,18.05
9.018599,0.8359936,2013,2,14.95
59.22132,16.699896,2013,5,21.49
32.026245,9.693538,2010,6,15.0
-61.580585,-5.717324,2013,11,-1.52
-5.5694513,-60.671356,2013,11,4.42
-56.44923,36.30521,2011,1,2.07
33.008026,17.832172,2015,8,17.65
-20.408674,51.92491,2015,12,5.54
33.882664,-28.557686,2015,9,14.14
-15.735515,-54.314472,2010,10,-1.67
9.346345,-6.6245394,2010,3,13.8
64.90092,5.1465497,2013,9,17.91
31.94704,-33.08813,2016,12,18.98
57.07149,25.194147,2009,2,22.33
-28.874453,-27.42759,2010,6,-0.85
17.705963,53.212933,2015,8,15.47
1.8975093,-68.73572,2016,9,6.46
-39.137547,39.967266,2014,4,6.79
25.366177,-46.643837,2011,9,11.76
-9.615196,-23.149752,2011,4,7.26
66.974815,29.082802,2010,1,22.71
42.453785,-8.788626,2013,9,14.6
34.428394,27.352556,2012,7,20.42
24.938251,5.9257655,2009,5,13.14
42.74737,0.5616681,2014,9,16.45
-7.9825926,-32.80147,2011,2,7.04
-44.07009,0.06972206,2010,6,1.59
-64.747025,3.5175245,2013,12,-4.7
37.61498,25.231667,2010,4,19.2
-40.06626,-62.548244,2013,3,-2.01
37.179462,36.86619,2012,4,18.37
7.8097544,-62.232132,2015,12,7.85
29.180376,-53.917088,2009,9,12.13
-39.928013,45.346886,2016,2,9.27
51.734253,-0.55593526,2013,7,16.0
-61.8859,34.999165,2010,1,-3.94
-8.784093,-27.515646,2012,1,3.8
40.785736,52.078213,2013,8,21.72
15.02825,11.503293,2013,7,14.96
23.002615,53.667675,2016,11,19.34
42.748234,48.67515,2013,5,22.6
66.706184,0.92129713,2009,2,19.93
-34.127,-60.777573,2016,4,1.48
1.4693977,10.547564,2009,1,16.63
-54.760853,38.55965,2011,2,0.34
-46.556694,-15.09394,2016,11,5.48
28.190575,27.27112,2009,12,19.24
-50.99332,3.592826,2013,1,-0.25
28.168175,49.9116,2015,4,17.42
-8.684867,42.80396,2010,5,7.03
28.461802,8.582638,2009,6,14.56
14.385707,-43.03739,2014,6,7.58
42.332737,-17.916264,2014,4,12.8
55.00846,-22.167109,2010,2,17.07
-9.046017,7.731697,2015,2,11.37
-28.019442,-40.695583,2009,12,-1.17
-36.98571,-23.230654,2010,11,9.04
47.830845,-41.876007,2013,9,15.9
-39.31519,-45.9206,2010,2,-10.3
20.684319,-19.052637,2016,1,14.21
-4.5085354,-49.843307,2009,12,5.37
-44.608364,-0.31897512,2011,7,1.64
31.524769,-29.180695,2015,7,15.79
-51.64536,-10.594781,2014,11,0.57
59.31094,-27.26241,2011,5,15.01
5.0969067,52.9412,2014,8,14.64
27.986488,-31.20231,2015,9,11.95
-21.84683,-59.19126,2014,9,-2.88
56.681133,-5.9155326,2014,3,21.03
37.63673,0.69768494,2010,4,14.82
58.170876,-4.3860435,2014,7,21.86
10.613054,-15.113879,2009,2,9.96
68.179535,32.672962,2012,1,22.95
-28.524948,-35.25966,2011,9,8.61
-14.656665,-47.414513,2014,10,1.59
-10.192398,-22.19832,2009,3,6.83
-18.226318,-60.94123,2015,10,-2.5
28.215998,-49.47331,2009,8,9.58
-51.333454,-5.509808,2015,7,0.61
-13.818978,43.82323,2011,7,8.63
23.797424,-11.139882,2014,1,11.34
-59.073776,9.401654,2012,4,5.34
-35.685696,-69.917076,2013,1,6.26
35.61344,-49.151623,2010,9,16.23
-27.19714,51.78517,2011,5,8.96
-61.50647,-4.9286404,2013,10,-3.35
23.845325,-49.04646,2009,11,10.88
-32.76154,-71.40822,2015,4,7.23
-42.969593,17.525301,2013,5,4.07
-63.34651,45.64923,2011,7,4.68
-62.2679,30.962475,2010,3,-2.22
-1.3565153,43.406616,2015,6,7.29
37.86395,-36.508316,2014,10,14.14
15.986917,31.993223,2011,11,14.37
33.16063,2.8423264,2009,8,14.27
19.481504,15.446669,2016,10,14.69
65.486496,-2.671399,2016,3,18.08
43.07316,-41.729996,2013,10,12.98
-36.241016,21.536818,2016,9,0.28
-28.532946,7.121199,2012,8,3.7
-32.585285,-59.11702,2013,5,2.63
-7.072179,11.818421,2016,4,7.78
61.25543,40.59737,2010,12,27.81
-71.41581,29.60345,2011,1,-9.29
53.180748,26.53106,2011,4,22.04
23.21923,-34.59228,2015,10,10.97
10.660184,52.949455,2016,11,17.21
46.37947,32.963707,2015,2,22.95
-49.892612,2.1906123,2016,2,0.1
-14.428241,31.282438,2010,4,6.88
37.706207,6.637257,2012,8,16.88
-5.8318877,-60.689198,2013,11,4.94
53.53763,-19.237427,2013,3,17.43
-16.541111,16.97495,2015,10,4.67
55.355667,41.716034,2011,3,27.32
1.4551412,10.223551,2009,1,15.33
-25.927423,-44.110455,2012,11,-3.35
48.191353,-39.39335,2015,9,12.53
-16.994978,-2.2230816,2014,6,4.54
-61.094624,-4.6840315,2013,9,-3.08
-20.09746,-22.066698,2010,10,9.36
-43.28373,13.150874,2013,7,-1.57
32.006504,-50.81019,2009,9,13.98
-13.655263,-50.792015,2010,11,-0.01
-52.900284,-8.233708,2012,10,2.74
-17.969622,-59.8463,2013,11,0.77
-21.984867,48.03496,2014,8,8.66
25.153252,-50.129387,2009,11,12.96
55.997543,41.201153,2010,3,28.99
-9.089135,-35.67034,2009,3,5.73
61.46678,50.48949,2015,6,33.35
11.933623,9.904006,2010,6,12.19
50.370506,-4.6146765,2016,5,16.68
-8.411068,-34.034527,2009,1,9.09
20.187532,25.05674,2009,9,17.47
0.31186023,43.377625,2016,4,12.44
-8.220613,-36.49379,2009,2,4.36
-67.36312,31.91261,2010,2,-8.12
31.12752,25.714157,2011,7,19.98
58.667805,-20.836115,2009,5,16.23
17.666285,28.244862,2013,10,16.3
-65.03691,35.490383,2010,3,-0.58
-78.09152,7.2044935,2010,7,-6.3
45.306164,48.63136,2014,8,22.91
-63.357216,4.9539013,2015,11,-2.01
-3.1845021,-57.208866,2012,8,7.57
-21.39289,15.495899,2012,12,6.3
34.40836,51.14241,2009,5,21.81
-6.3144865,-52.11593,2012,10,6.1
50.043537,-4.043922,2016,5,16.99
32.609703,-42.483326,2010,12,19.26
7.0242176,22.607117,2011,8,17.36
37.691757,-12.892106,2014,11,13.1
36.60689,31.096342,2010,10,22.18
32.202885,0.01723918,2011,8,12.62
-37.330067,-64.81504,2014,5,2.37
-50.863533,-10.389824,2015,11,3.03
19.505442,0.91343397,2012,10,14.26
-42.34511,-61.445847,2016,3,-0.48
-65.44531,-3.06389,2010,12,-6.94
23.327013,17.347164,2013,9,15.64
64.6047,-20.175837,2011,7,16.74
47.652985,8.508965,2010,10,17.98
52.679928,-13.6586075,2011,1,17.69
-5.7633324,12.986811,2013,3,9.4
43.306366,-3.3113801,2016,12,14.0
46.843754,5.812304,2012,9,19.06
-27.83121,47.343464,2015,3,7.28
31.87108,51.281357,2013,5,20.19
-14.78105,-38.132,2012,5,-2.1
-9.176112,-39.472736,2012,3,1.67
22.006456,21.219696,2011,8,16.86
11.146851,10.234572,2009,3,12.11
41.4251,-44.941338,2012,11,16.17
-65.33706,25.587107,2011,3,-2.37
-61.04906,15.392667,2013,1,2.04
30.34556,-3.1898282,2009,11,10.83
-64.11026,19.514744,2009,1,-3.79
-3.7183025,15.391092,2010,4,7.97
-20.072247,50.00471,2015,11,3.0
21.166012,-9.865,2012,4,14.08
20.48087,0.2944818,2009,11,14.37
4.793505,-15.848451,2011,4,12.6
-63.026436,19.358011,2009,1,-2.78
3.5598016,-11.561418,2010,3,9.44
56.119617,-21.476585,2012,4,16.31
-24.617342,-24.87157,2010,10,5.81
-1.3764997,-7.1639824,2012,2,11.06
19.846313,2.363196,2012,11,16.41
62.534786,-26.640913,2011,5,17.52
1.9118966,-66.545845,2016,9,8.84
34.136692,26.504263,2010,8,19.85
33.935513,14.3618555,2012,7,15.65
8.153739,32.950157,2014,7,13.76
47.490337,-28.294909,2016,2,14.09
37.422237,-55.87605,2009,6,10.96
-35.530426,-71.19149,2015,2,9.44
57.68998,-10.231139,2012,1,19.6
-4.61529,-5.342367,2014,1,10.35
51.942123,7.9171047,2009,11,18.5
-16.700048,54.745186,2015,10,14.43
-11.723727,-24.110113,2009,5,5.41
59.565956,-20.895344,2009,5,17.29
12.771545,-34.72726,2011,6,11.27
-49.089417,38.973007,2015,4,-2.21
-34.977818,49.607517,2013,2,4.79
-56.143986,37.361248,2011,2,0.47
-59.54312,0.16154821,2012,8,-0.49
38.752995,-35.638573,2016,10,14.64
-58.145,31.32493,2009,7,1.14
51.613403,-0.5134818,2013,7,15.59
-25.30877,-5.30975,2010,12,8.14
-5.247471,-37.162193,2009,5,8.43
-13.174175,-35.487442,2009,4,4.82
14.458719,0.6001838,2011,4,14.76
31.325647,-2.818831,2009,10,11.99
11.280138,29.149067,2014,11,11.86
-30.21238,20.901184,2016,8,7.06
-11.509109,-6.314009,2016,6,9.44
-14.45793,30.59883,2009,4,4.1
-56.237698,42.185802,2010,2,5.35
-82.739105,22.52962,2012,6,-17.2
-43.43387,-64.53259,2016,5,-8.29
-12.085244,-15.8699465,2013,1,7.81
-41.71954,34.053913,2015,3,-0.74
-8.897525,-73.39845,2016,7,2.04
31.545502,26.435997,2011,7,21.23
-50.3217,2.2027729,2014,3,-0.75
51.137474,-16.58238,2012,5,15.5
21.567055,0.82839537,2009,10,16.46
-24.093233,1.4680415,2011,7,5.8
39.76639,50.50298,2013,6,19.38
-57.662094,42.671635,2010,5,-0.6
28.331663,11.453694,2010,6,17.93
60.518677,38.35085,2012,9,26.39
-36.651005,-62.210365,2015,3,3.05
-55.655273,14.75405,2011,2,2.99
-30.424847,-67.03292,2016,2,6.3
1.5591518,-28.739162,2014,4,11.72
66.948166,-27.34798,2015,6,19.6
-0.43579796,-10.623683,2011,1,12.02
-43.904728,16.120451,2014,5,1.33
-21.683338,8.544127,2013,9,5.32
39.75686,-34.092003,2016,11,15.88
22.495012,43.39896,2016,7,17.07
-16.64739,55.99667,2012,10,12.41
-18.115038,-60.9318,2015,10,-1.94
15.601443,-35.301064,2012,6,12.58
24.08499,-11.251815,2014,1,12.34
61.659615,18.707993,2015,3,24.32
53.526188,17.064938,2013,8,21.35
46.696342,-27.254133,2015,4,13.17
-25.37158,-39.746696,2010,12,4.07
60.793,-2.132877,2013,6,16.89
37.257763,-55.09023,2009,6,13.32
-2.5379188,-31.39779,2011,3,8.69
-63.051823,17.79986,2009,1,-3.34
-49.166138,-18.767134,2015,12,1.83
-8.103374,-47.144913,2011,9,2.64
3.5049937,18.06822,2010,3,15.75
37.10166,2.1499667,2010,5,14.86
34.95015,26.82211,2011,7,20.29
54.75857,43.53698,2011,5,27.76
-17.793037,-19.994902,2010,11,6.31
-12.276716,20.291063,2015,10,9.39
58.695896,-18.617588,2011,5,19.12
39.780666,36.21934,2009,3,20.43
-44.92486,19.174297,2014,3,0.68
-19.433453,-64.23476,2013,11,4.88
-47.31115,10.282291,2013,9,-0.1
59.414448,41.059914,2010,9,27.37
27.18706,35.622746,2014,11,21.62
39.718487,-33.879242,2016,10,16.41
-5.137247,4.299046,2013,3,10.05
-23.69168,37.4531,2011,6,4.2
5.7885013,49.817265,2016,3,17.54
50.92555,-8.747132,2016,1,17.38
1.1080313,-48.24878,2011,7,3.12
-46.832943,37.823566,2013,6,0.37
-39.21728,-24.51659,2010,11,4.73
11.523218,43.716038,2012,1,17.91
7.518917,45.127598,2016,2,16.5
-4.4825115,-46.216297,2011,9,5.11
-68.43881,25.111073,2011,4,-8.67
28.11222,-34.483257,2016,10,12.59
-4.0250783,5.3022904,2013,4,13.14
5.4839406,-59.20013,2012,12,5.85
25.787207,35.90623,2014,12,22.19
51.621887,32.411865,2016,8,23.55
6.988358,36.19697,2016,8,10.52
52.52561,-7.353979,2016,1,17.92
-11.11579,-37.4188,2012,4,3.18
-24.972788,-33.87683,2012,7,8.39
24.624184,20.59664,2011,9,15.04
9.244496,-63.66473,2015,12,9.89
2.9943318,6.3079667,2014,1,14.54
39.7748,-29.073051,2016,8,18.4
-83.81734,15.256537,2012,8,-9.88
62.50331,-27.069746,2011,5,17.63
55.241158,-24.109339,2009,2,15.85
3.9617689,42.00292,2013,5,12.24
-68.66617,4.3818398,2010,8,-8.4
-24.508947,-0.7912756,2011,10,7.04
26.749147,11.333951,2009,7,16.75
-19.468853,-32.639652,2009,8,1.34
51.751415,5.680599,2011,11,16.0
31.135414,-2.7181695,2009,10,11.76
14.7466135,-11.700103,2010,1,12.56
35.2503,9.744529,2011,9,16.41
-26.085081,-4.724162,2012,12,5.93
-24.677538,-25.778364,2010,9,1.77
-44.62797,37.965866,2016,4,1.86
-77.81512,14.933737,2012,12,-9.38
-31.507238,36.8199,2012,2,9.56
25.488697,-1.0502679,2009,6,11.25
47.540264,3.5458813,2013,9,18.18
-14.769007,-61.096897,2014,10,-1.01
46.54645,-0.8229869,2014,7,18.5
18.877966,52.89211,2015,10,17.85
-2.8680425,-66.309326,2016,11,6.19
10.984066,38.798542,2010,6,15.6
59.796555,35.766556,2013,7,23.82
1.1991166,27.42989,2009,12,11.96
-43.746258,-47.713722,2010,1,-10.2
-32.822365,-74.81439,2013,3,7.52
12.86507,12.635043,2012,3,18.53
8.75075,45.183426,2015,2,16.92
-29.400717,49.06727,2011,5,8.68
47.879696,-8.583489,2014,1,14.34
-36.567642,11.299012,2016,12,-0.73
-39.4593,-59.828262,2013,3,0.03
19.299026,-27.564922,2015,5,10.27
-16.4927,29.273153,2012,5,7.11
-15.115989,23.645782,2014,9,10.18
2.9991188,-42.65118,2012,7,12.29
33.88175,-48.839935,2011,9,13.72
-9.649488,-8.991678,2014,5,10.28
-68.92906,-3.0046022,2009,9,-2.5
50.106895,-2.1071255,2014,5,14.97
34.866257,7.275978,2010,6,17.94
23.347363,40.20779,2015,11,17.93
46.503,-24.825317,2016,1,16.13
-56.901382,10.548407,2013,5,1.11
-62.857265,26.666658,2011,3,-1.13
-7.844414,-55.44146,2009,11,3.83
4.0557337,-20.434237,2012,2,11.13
32.481018,23.2243,2012,7,19.64
-47.89048,10.508189,2013,9,-0.47
56.4452,-3.0883064,2014,8,19.06
-9.706835,32.801476,2011,5,8.35
-30.71306,-65.87136,2016,2,3.85
-20.02551,-7.8513274,2015,10,6.15
-27.604727,47.45773,2015,3,7.46
-63.55011,-3.0763342,2011,10,-4.14
8.999764,0.7896014,2013,2,15.35
-50.045063,-10.341878,2015,10,3.29
37.276703,-0.45727223,2012,4,14.86
69.06672,41.130928,2010,11,27.48
-70.19254,17.046127,2011,1,-1.87
-41.263454,-54.464367,2014,4,-1.86
-62.59374,1.8680549,2013,11,-3.27
6.8421383,45.83446,2016,2,15.29
51.439133,32.195183,2014,7,21.57
-44.728973,2.550157,2012,3,3.46
-44.05474,41.768074,2015,1,1.51
12.171593,-0.7195246,2009,3,12.81
20.689735,-7.3138785,2013,3,12.26
33.68575,35.953693,2014,5,18.58
-7.736494,-33.427338,2011,1,8.53
-30.93868,-68.979744,2013,1,5.42
49.41765,35.372215,2016,7,24.81
6.3262057,-12.740579,2009,1,11.72
-13.523561,43.79421,2012,7,8.38
19.138187,51.262825,2015,10,15.38
-74.590836,-0.35773623,2010,11,-5.71
-82.82025,-2.1785388,2013,12,-5.56
21.813663,0.9383805,2009,10,17.64
-54.433258,-13.973721,2010,11,1.55
53.51363,-6.7297683,2016,3,17.81
-5.9473042,-20.69144,2009,5,10.36
-30.799057,36.69001,2012,1,6.07
-47.986275,-0.7452585,2015,5,-0.61
-1.0807422,-9.14127,2012,2,9.46
-21.709492,35.285492,2014,11,8.84
76.74088,-13.340008,2014,11,22.72
23.579092,-36.4858,2015,11,13.73
5.1646166,-19.156841,2009,1,12.32
20.76864,-19.945486,2015,2,11.87
54.9388,52.503754,2014,3,26.78
-13.191451,-47.442646,2014,8,2.85
52.393665,48.75965,2015,1,23.39
3.6762524,6.007511,2014,5,15.39
49.99793,-4.25381,2016,5,16.27
33.220833,-48.03177,2009,11,12.54
-84.15359,1.061973,2011,12,-0.24
48.802696,43.966095,2009,5,24.16
7.8007374,-27.163464,2016,7,9.73
10.263156,24.052395,2011,12,17.16
-35.8445,-3.5146828,2009,6,2.91
64.194534,-22.00133,2009,4,20.32
52.122925,10.80469,2010,11,22.9
-14.375175,-6.3886824,2015,7,7.8
-36.215725,27.89311,2012,7,4.7
-43.265957,50.747463,2016,5,1.63
18.659094,-3.5293915,2011,2,17.68
48.548466,31.613781,2015,5,21.97
-0.08611203,-7.277809,2013,4,11.03
-3.8798168,-34.05393,2013,5,7.99
-75.21944,2.633067,2010,10,-5.71
-69.0199,-2.9543238,2009,9,-2.9
45.202847,14.210973,2014,2,17.87
43.458088,-26.7193,2015,4,16.76
-76.055405,18.314348,2009,8,-7.77
-82.981804,22.931154,2012,4,-14.73
-8.309912,-49.402832,2010,11,4.01
-45.718212,-12.20574,2016,10,-1.0
-10.925951,-44.59874,2011,7,1.5
-60.52537,-1.3524357,2012,9,-3.17
34.521854,-5.386262,2015,10,15.18
-8.271926,-72.75487,2016,10,1.72
24.478638,-34.82796,2015,12,12.79
19.606533,1.4793328,2012,11,14.48
6.4120913,-65.80215,2016,8,6.73
-33.800114,49.94279,2015,3,3.0
-4.99023,12.559155,2013,1,10.8
-13.258203,-35.39793,2009,4,4.47
-8.103265,33.682167,2011,5,12.51
-5.2058244,-49.678158,2009,12,5.19
1.4921893,9.738021,2009,1,14.7
-8.005891,-46.52315,2011,9,5.67
61.697853,15.865924,2014,1,19.98
18.522257,1.8050851,2014,12,16.3
17.953892,4.837888,2016,9,16.32
8.986578,-51.08829,2014,10,9.38
-51.474487,-5.5163836,2015,7,1.39
-14.855064,30.843946,2011,4,5.72
55.881332,-24.22036,2010,3,15.63
2.5932562,-68.96725,2016,10,7.42
-25.03443,26.273268,2009,11,3.28
9.650611,33.180313,2016,9,16.66
43.179752,-18.79803,2012,4,13.28
36.07228,36.185257,2014,3,22.37
44.31631,31.436356,2016,8,24.96
43.227833,-19.782143,2013,5,16.36
45.17092,14.130348,2014,2,16.88
-17.105814,-67.106926,2012,6,6.1
-66.991974,11.778117,2015,6,-2.37
37.378555,-36.307404,2014,10,13.88
-52.75294,22.262835,2013,1,-1.3
-2.4840622,-51.111183,2009,11,7.38
-75.6846,18.833525,2009,8,-11.56
73.68875,-12.059064,2015,11,23.24
-3.3697224,-57.29359,2012,8,7.03
62.69468,-10.84126,2015,3,22.94
-13.774465,49.87188,2013,12,10.79
8.026603,-27.224169,2016,8,9.03
-66.59963,31.827917,2011,4,-7.89
67.05491,6.6958885,2014,9,20.13
-34.063854,49.452194,2013,2,6.19
-43.055904,31.495481,2016,3,-2.0
-44.279396,-54.173286,2014,2,-3.27
53.02332,50.5666,2015,1,26.44
-8.048349,-69.51068,2016,10,1.16
18.641973,30.23873,2012,10,18.97
-23.547434,-59.585587,2015,12,-1.96
-84.754875,-3.817909,2013,12,-2.51
61.65537,26.97159,2015,5,26.37
63.3414,42.53488,2016,10,26.79
-16.657904,-68.47757,2014,8,3.18
2.1237953,5.9873276,2014,1,14.12
-35.385128,51.254765,2013,3,8.65
-16.850933,-67.975296,2014,7,2.84
-59.77337,32.168274,2010,5,-1.57
-6.5536165,5.989121,2011,3,12.57
65.37901,33.63413,2012,4,25.32
50.395123,39.209946,2009,1,22.14
-11.294443,-42.724915,2013,6,2.27
-26.908892,8.535232,2013,10,4.13
56.3842,-18.571096,2010,2,19.21
-22.320509,2.021039,2011,6,10.27
-23.803413,56.85837,2012,5,3.64
15.417148,-37.730137,2012,7,8.51
29.095657,-8.598886,2014,6,12.85
19.248402,49.3955,2016,5,17.19
-7.5715065,-44.63688,2013,10,4.04
5.37256,13.597053,2009,3,16.57
63.224495,-3.670221,2011,1,17.21
-77.96964,10.637379,2010,7,-7.17
-55.45249,-1.7991434,2011,7,-0.8
-8.50833,29.786018,2011,9,7.94
11.680439,-13.851224,2009,1,10.15
13.505975,-33.666122,2010,5,12.75
-30.083843,42.53119,2012,2,5.99
-47.24049,22.169588,2014,1,0.11
-17.253317,-59.501255,2013,12,1.16
48.191624,-29.375269,2016,4,15.51
-33.91005,22.617529,2016,12,2.72
-38.63721,-50.966652,2012,2,-1.55
-40.36751,-2.498421,2009,3,-2.29
-79.87705,19.81075,2009,11,-13.37
-50.825863,39.894825,2013,2,-1.09
60.10115,29.863953,2013,3,28.65
36.669582,-13.476678,2015,9,10.53
26.574287,-44.61697,2012,12,14.01
74.88581,3.0611298,2013,8,19.75
14.9289875,31.722685,2011,9,15.66
56.388706,2.052559,2012,1,17.93
-12.914566,54.121513,2015,10,14.64
23.366024,24.697506,2009,12,15.02
-6.014882,-59.333908,2013,8,4.2
-49.591034,30.409927,2011,6,-1.95
53.406887,32.238705,2016,3,23.17
-46.27897,27.243525,2012,6,1.29
-40.399803,36.617542,2013,1,3.63
-20.801151,27.266006,2011,12,9.62
-14.536764,22.316732,2015,10,10.83
64.252556,-28.869392,2014,6,17.27
-48.39562,22.065458,2015,2,1.44
64.92326,50.25229,2013,3,28.82
-9.717133,-51.80694,2012,10,1.2
58.51805,-30.605484,2011,8,15.04
15.032733,49.443813,2015,9,12.96
-8.127108,9.832777,2016,5,8.33
-14.992224,45.130653,2011,9,11.66
-47.392265,1.2162338,2016,1,-0.09
20.863546,-6.0469522,2013,4,13.63
9.584147,-56.34105,2014,11,6.44
-23.29547,-47.95257,2011,11,2.58
-34.80029,13.067835,2014,10,1.72
64.28082,-21.149149,2009,6,18.67
12.1797085,28.926691,2013,11,16.71
59.982876,29.8387,2015,1,27.37
41.22245,18.992252,2015,4,16.67
0.033710323,-28.253609,2014,4,11.53
47.251347,15.58486,2012,3,18.61
14.264005,-26.673876,2014,2,6.46
-7.561834,-39.84848,2013,5,3.89
51.309135,-21.337925,2014,1,14.67
10.819487,-25.214241,2015,10,11.64
3.1139526,0.78247815,2015,9,12.99
-22.327318,11.740189,2015,9,4.29
-66.0703,-4.2633414,2010,12,-4.27
12.736287,-11.732545,2011,2,10.29
-80.751724,20.271336,2009,9,-17.03
-14.334368,34.94059,2009,2,10.66
-20.612057,-52.230755,2012,11,-5.74
-21.602804,-59.217636,2014,9,-3.59
10.294283,-50.48151,2013,8,10.47
-13.396045,-48.519844,2016,11,6.61
48.245014,5.0007114,2012,11,20.39
34.82409,25.677635,2010,7,20.04
42.094666,33.94841,2011,4,22.63
-5.079566,36.118256,2010,7,15.36
-81.24891,1.8782446,2010,11,-5.59
-36.807373,37.283688,2014,1,4.66
-4.0199885,-15.785625,2009,5,10.58
75.72207,2.8309312,2016,6,17.43
65.17427,-1.8352927,2016,3,16.65
-23.947264,27.844856,2010,12,3.41
-61.87615,23.513592,2010,6,-2.46
-14.219776,30.170296,2011,6,5.11
-12.55868,40.14159,2010,3,10.53
52.425694,30.875391,2016,4,23.39
60.865925,38.886745,2012,9,26.4
60.725822,38.090874,2012,10,25.48
-35.70204,30.276834,2012,6,3.63
-15.601747,-29.499287,2009,4,3.26
-47.5657,2.389024,2015,1,2.04
44.53251,52.05296,2015,8,23.25
57.255634,43.9499,2009,8,27.0
-17.33888,23.302534,2011,8,8.59
66.75431,35.095627,2012,2,24.38
6.7629433,53.40787,2015,9,18.08
32.180134,14.065104,2012,7,16.77
-18.15943,-56.126446,2012,12,-5.34
4.795905,-10.019297,2010,2,8.5
-37.434933,40.957752,2014,3,7.97
28.538118,-34.155777,2016,11,14.37
-7.21096,-6.395405,2015,5,10.05
-24.598864,12.500131,2015,9,4.55
-81.21649,4.149425,2010,8,-8.73
-6.9354353,-39.936913,2013,5,3.55
20.312925,53.61212,2016,8,17.17
29.832771,-33.125973,2016,11,14.46
-5.595044,9.693784,2016,4,10.88
32.38825,-6.8432136,2015,8,13.45
13.483716,12.048763,2012,4,17.17
-5.5881886,-21.400185,2010,4,9.32
-2.1917515,-60.08137,2014,8,7.6
65.335556,34.740677,2010,4,25.53
25.158892,26.526897,2012,9,20.4
-36.01808,49.980305,2013,3,6.74
-42.70461,22.97082,2015,1,1.16
-25.036196,-25.293016,2010,8,2.48
-49.700935,-1.3880438,2014,5,2.49
-68.39949,27.924004,2009,2,-4.28
-4.250958,-45.230408,2011,8,6.78
-46.473484,18.472925,2014,2,2.65
41.10171,23.671497,2016,5,14.84
-39.0477,-50.121067,2012,1,-5.19
37.018024,-11.61603,2014,12,16.84
30.312634,-30.73513,2014,8,14.25
2.9464052,-17.658794,2010,2,10.37
61.421726,45.834465,2014,6,30.0
46.32043,32.712887,2015,2,23.15
59.08324,-28.303448,2011,6,14.68
1.4965177,-8.265086,2012,5,7.33
53.694756,50.047325,2015,2,25.42
-12.683742,-47.076523,2012,7,5.64
-4.970732,-64.28167,2016,11,7.34
19.773462,24.549356,2009,8,15.03
27.809793,-29.941208,2016,8,13.18
9.877183,-53.449574,2012,12,10.56
27.748175,-44.839478,2011,11,14.97
48.235405,-21.836548,2013,1,13.75
21.858828,-53.049534,2009,12,8.54
64.47606,-1.2738781,2014,4,16.43
-27.415104,-4.1796803,2013,10,4.94
-13.0831175,-56.604385,2010,11,-0.04
56.23725,-24.021544,2010,3,15.94
58.680717,35.683372,2014,8,24.06
9.278556,24.987364,2011,12,18.64
65.629364,34.103184,2012,4,25.16
4.0984573,-1.0714536,2015,10,9.79
-0.49384794,-1.4869986,2014,8,11.06
47.18834,-2.5313842,2015,7,17.16
49.387363,26.87341,2012,6,20.2
17.200623,-10.259473,2009,2,15.64
-42.038364,43.88562,2016,3,4.61
42.05603,-4.9857664,2014,11,13.7
-28.538492,-10.86785,2009,7,9.72
6.4854183,9.04275,2011,6,12.27
38.281258,-37.298527,2014,10,12.73
-3.7291586,-16.036762,2010,5,10.9
26.594048,30.77179,2012,11,17.77
-6.934473,-44.273125,2011,8,4.65
-2.2026274,-32.98945,2013,6,9.13
57.50156,29.70502,2011,3,25.88
29.82107,0.81577736,2009,8,12.92
24.7992,14.048248,2009,6,18.38
9.382672,35.520367,2015,7,16.67
16.626766,49.79236,2015,9,14.72
35.94505,-34.104027,2015,11,14.36
-5.1116176,-37.56524,2009,7,7.43
-29.550842,-9.886558,2009,6,8.21
-73.18605,6.228246,2009,12,-3.38
-13.139497,-32.372147,2009,4,3.02
-81.03916,19.171713,2012,12,-17.06
56.33815,2.064732,2012,1,17.24
-4.2899694,-64.37921,2016,12,6.07
52.14103,-17.74098,2013,2,16.56
-15.307716,-28.657131,2011,6,0.92
14.139306,21.436977,2010,12,11.25
-0.9038403,42.891933,2015,5,7.14
8.237559,-3.5667398,2011,2,9.72
53.555393,-20.813385,2013,2,15.71
-14.414094,-46.99798,2014,10,2.08
-47.40414,23.76501,2013,1,4.95
-23.754675,11.339884,2015,10,3.4
-28.758266,-66.7321,2016,4,7.28
-48.893772,24.737074,2010,1,3.97
48.44116,20.601568,2016,1,21.77
-34.83598,32.748577,2013,6,8.51
-19.436317,-9.39665,2014,11,7.43
-67.60827,11.659261,2015,6,-2.87
-7.2871046,-32.243652,2013,1,8.89
6.956909,-66.72557,2016,8,6.49
10.379582,24.076616,2011,11,15.17
-61.180305,26.028406,2013,3,-0.67
31.330067,-39.59647,2013,12,12.31
52.27134,-18.00075,2013,3,15.82
-83.964966,17.79416,2012,6,-16.08
26.878328,4.6403804,2010,7,15.13
25.095089,-25.302889,2013,5,11.41
31.105104,0.41263977,2011,9,12.97
-52.511345,20.587519,2015,4,-1.39
34.02677,-41.279972,2010,12,16.83
-55.494812,-0.53112036,2011,7,1.29
8.486486,-52.1354,2013,11,8.12
-33.32654,38.72382,2014,3,9.39
-15.711643,-44.661175,2013,8,6.54
42.66456,43.953133,2014,2,21.26
-39.89654,26.798191,2013,5,-0.24
-16.710934,-67.9943,2014,7,4.47
-32.80024,26.150555,2013,9,2.51
-11.264763,-42.987385,2013,6,1.81
-24.83304,-10.08,2011,10,7.73
68.951126,-7.2189555,2013,7,16.01
-34.368267,2.3701866,2009,10,-0.79
59.923367,40.93696,2010,10,28.96
-62.208916,30.570417,2010,3,-1.75
-19.046862,20.883099,2012,10,9.19
32.784866,-44.69814,2012,10,16.28
-2.1147177,-29.694149,2012,4,8.72
65.85562,29.588861,2011,5,22.19
-14.519482,38.83262,2009,4,8.27
-33.767868,-60.84243,2016,4,1.73
-63.255486,43.136646,2011,7,-1.55
17.910023,29.105957,2013,10,16.55
-61.158478,-3.6321049,2013,9,-5.44
26.77614,-28.487787,2016,7,13.47
25.499521,19.443468,2010,9,15.76
-15.485198,17.062366,2015,9,3.89
-9.074447,-39.45846,2012,3,2.15
59.775993,23.968924,2010,3,25.04
-46.050884,16.601534,2012,4,6.16
65.69445,42.278828,2016,9,26.32
42.91559,19.563475,2014,1,17.2
-37.570026,49.674206,2012,3,5.15
-14.150956,49.575306,2013,11,8.64
-36.771553,-62.94191,2015,3,2.57
32.143932,-17.168663,2012,5,13.31
28.796162,32.625473,2013,11,19.85
-49.54869,30.82025,2011,6,-0.05
-6.282738,-55.60148,2009,9,5.23
33.00255,51.917202,2011,3,23.17
49.82558,52.28137,2016,7,25.3
14.755662,-11.952077,2010,1,13.85
-9.222003,-74.49457,2016,9,2.08
64.98999,44.281803,2016,12,30.4
-0.83581245,3.656116,2010,1,12.3
-18.358194,18.019814,2012,10,8.47
-26.142656,48.316402,2016,4,6.14
44.01948,-18.184566,2012,3,14.84
-33.59329,-58.463478,2014,6,2.03
7.87715,-3.5141864,2013,1,12.35
-23.272678,16.147142,2012,9,2.77
-48.252125,27.08353,2010,3,0.5
-66.86986,22.249937,2010,4,-6.2
19.356321,-28.690607,2016,6,7.85
28.863993,35.309917,2016,12,22.1
-42.480408,-53.01657,2014,2,-2.32
0.7718761,-17.958023,2011,1,7.82
13.947642,-46.632046,2014,7,9.49
-57.08786,13.808267,2013,4,-1.63
-60.65013,3.947246,2013,8,-1.89
1.4941764,-29.37784,2012,4,8.82
51.488415,26.408031,2011,5,20.02
70.09089,-0.6314763,2013,4,23.65
5.671409,36.395752,2016,7,10.54
53.091053,7.5699773,2010,12,19.41
9.077835,-7.347667,2010,2,11.57
52.655483,0.58143777,2012,7,18.03
69.221306,-7.37503,2013,7,17.03
10.292389,53.970222,2015,12,14.6
45.448822,15.932777,2014,1,18.06
-54.361256,38.910828,2011,1,1.71
27.605013,-9.642737,2015,3,11.95
3.7521896,43.021095,2013,4,15.17
51.9409,16.80653,2012,8,22.82
42.44771,-8.739348,2013,9,14.85
63.330215,43.995316,2016,10,29.93
-24.14459,-48.10112,2011,12,6.42
3.0588572,-69.92858,2016,12,4.23
43.548542,-24.563473,2015,2,15.64
-22.07231,-33.16403,2009,9,6.47
25.988085,33.350224,2011,12,20.55
47.930992,43.70507,2010,5,23.22
-5.9168553,21.682898,2012,4,7.17
72.69152,-0.033331227,2014,8,21.49
-4.123553,-57.71273,2012,8,3.62
-0.45308578,20.322039,2016,1,12.36
-24.77485,-25.52026,2010,9,2.0
-82.002884,4.868094,2009,5,-4.37
1.8061321,-14.835082,2009,1,12.09
8.375201,-51.906445,2013,11,8.16
30.25086,13.172846,2009,7,19.2
-38.273796,-7.526601,2009,6,3.29
52.509613,-21.374027,2013,1,15.6
27.395634,-36.606735,2013,11,11.39
27.85514,-42.23188,2014,12,16.1
26.835993,-31.200493,2016,10,12.56
-31.780663,-45.036808,2016,12,6.02
33.559086,-27.434626,2014,8,13.62
17.173388,20.652243,2009,10,13.88
44.946953,42.443066,2011,2,22.25
59.629974,-23.966408,2009,2,18.92
-30.532183,-5.405449,2010,7,6.09
-81.459946,22.343782,2009,6,-17.79
-18.569729,48.042953,2014,11,5.03
61.2526,50.45405,2015,6,33.28
3.792048,-17.590452,2010,3,11.83
3.3509994,-41.523636,2012,7,11.84
-20.004425,-7.9301906,2015,10,6.38
-25.027285,31.73887,2009,9,5.36
-36.724087,41.41666,2014,1,6.37
-57.814865,10.99521,2013,5,1.2
-18.374603,47.718426,2014,12,7.12
54.969883,-20.399357,2013,4,16.92
-37.627777,38.44766,2013,1,5.23
43.91554,51.55308,2014,7,22.25
-24.75336,-42.26418,2009,12,0.38
-2.972883,-51.620777,2009,11,6.6
-75.89497,10.229253,2010,8,-2.53
44.753296,-37.891117,2012,8,13.84
-11.705682,-24.909391,2009,4,2.33
32.95855,-19.532621,2012,7,15.49
-24.650757,12.674398,2015,9,4.67
-50.485485,-5.3735304,2015,7,-1.89
53.455894,17.38372,2014,7,21.82
36.69599,-14.22507,2015,9,12.73
43.61177,19.203762,2015,2,18.88
15.120872,18.515556,2009,12,8.85
46.605865,-30.26338,2016,5,14.29
41.050434,8.097327,2016,9,17.43
59.741684,50.255543,2015,5,31.07
0.12285984,-28.264614,2014,4,11.84
-35.165375,-19.261164,2009,6,9.08
-38.27919,-24.400663,2010,12,7.41
-23.804739,11.278632,2015,10,3.47
16.321838,-32.12079,2011,4,15.46
37.827183,31.706161,2010,11,21.0
-22.534214,-66.288246,2016,8,3.3
62.523956,-9.803764,2015,5,24.23
23.936941,-37.33303,2016,10,11.99
-8.461087,-60.12496,2013,10,4.59
0.80271006,35.916225,2015,7,10.9
-36.376484,-51.156303,2009,5,-1.99
8.1656685,-5.9402637,2010,3,9.4
53.675102,-24.488358,2009,1,15.05
54.277096,-24.269638,2009,1,16.92
-13.938456,38.893463,2009,4,8.87
-35.253864,-61.255383,2016,3,1.41
57.137962,-5.882897,2014,3,21.04
48.724102,-19.316923,2011,4,13.77
-42.52278,-60.751297,2016,3,1.18
12.692601,41.33908,2009,2,18.13
-31.714495,-22.086264,2010,7,4.85
-50.021835,-6.109444,2015,6,3.6
-46.61158,33.64717,2015,3,2.31
73.40809,-12.333751,2015,10,21.91
45.56759,-18.556978,2010,2,17.09
-59.48011,0.049073882,2012,8,0.26
-9.154558,-54.40252,2010,11,1.81
32.57742,-42.497307,2010,12,18.01
-1.7387012,-22.290756,2009,3,4.84
24.846424,45.646576,2015,11,18.46
23.723337,-22.702114,2016,2,13.35
-45.970577,-57.95807,2014,5,2.1
70.65853,7.010524,2009,9,23.23
45.93598,-43.016968,2013,12,13.78
-36.644005,39.903137,2014,3,7.93
-43.758156,-47.70253,2010,1,-10.77
58.778713,50.931847,2014,4,30.55
26.095127,14.149022,2009,3,17.82
31.044538,-33.65991,2016,12,15.97
58.45109,50.62581,2014,4,29.95
-32.07253,4.453991,2009,11,1.03
-47.55646,29.790377,2009,5,6.3
-17.05489,-62.255226,2015,8,2.43
-43.26316,44.504852,2015,3,6.16
-65.310135,31.903698,2011,4,-4.43
-14.652075,-4.374015,2014,6,9.87
-3.1581905,-66.22467,2015,12,4.93
-35.93833,-2.6131718,2009,5,5.04
-48.519127,-19.767822,2016,12,1.0
-30.415583,40.552715,2012,2,8.04
30.268105,-2.6015918,2009,11,10.63
-19.190168,7.260168,2013,5,7.53
56.806732,32.83839,2015,3,24.82
42.323044,-42.27108,2014,11,15.41
64.82529,-1.6801046,2016,4,15.47
-47.444965,42.654724,2013,2,3.48
32.817135,8.346195,2011,5,16.64
-58.456547,21.489485,2009,2,0.21
-13.428179,43.74826,2012,7,7.76
-31.824953,26.888077,2011,7,4.92
-5.5434875,-58.69961,2012,8,6.58
34.96951,-30.50949,2016,9,15.54
-28.748241,49.88063,2011,5,8.56
-83.471634,17.654182,2012,6,-17.72
23.23438,-29.24021,2015,7,11.46
-31.093367,14.002677,2014,10,5.59
9.476878,-39.573544,2012,8,9.41
-26.365564,34.73068,2009,10,2.26
-41.52495,5.782547,2009,2,4.57
-34.73959,-67.10255,2013,4,2.68
61.798298,-14.397222,2014,6,19.62
-40.213116,-2.571055,2009,4,-4.05
-48.083225,10.594454,2013,9,-0.19
26.22275,44.888943,2012,10,17.84
53.33049,5.814615,2009,12,15.67
13.554159,19.8667,2009,12,13.93
17.957458,-20.950691,2014,1,10.54
21.53366,16.301651,2015,12,13.68
-19.910133,-7.8226886,2015,10,8.04
18.991358,-11.115718,2011,2,12.56
5.1994205,22.80629,2009,12,11.52
1.1907809,-7.247181,2012,5,8.76
-9.813529,-72.66881,2016,7,3.18
36.447186,-33.576786,2015,9,14.76
42.581493,0.44317058,2014,9,16.46
12.812073,41.19523,2009,1,18.81
-46.535385,-14.983379,2016,11,4.32
-30.656006,-48.55965,2016,12,-1.08
-22.409962,-49.811253,2011,12,0.46
-8.793743,37.348064,2010,2,9.89
-12.091297,-57.62352,2012,10,2.5
28.980812,-39.12449,2013,11,12.67
64.961075,48.729893,2015,3,30.54
32.884296,-47.406666,2011,11,12.45
53.75083,35.604805,2016,6,22.34
21.950977,-28.994131,2016,7,9.2
35.801117,14.197536,2013,5,13.81
-6.0914154,-21.302427,2010,5,9.1
19.36108,3.169093,2014,10,14.87
-57.85485,34.779606,2010,1,2.04
56.340473,2.0219219,2012,1,17.21
75.02858,-3.7627113,2014,11,22.9
14.325563,12.594684,2012,6,19.46
-12.796056,-38.552174,2013,5,0.99
45.9319,51.210384,2016,6,23.73
-26.636135,-11.246299,2009,9,10.73
-62.214268,31.073154,2010,3,-2.2
-11.044909,-72.11316,2016,8,2.39
-39.34332,-45.766987,2010,3,-12.72
-17.710377,-29.45586,2011,6,1.73
-12.31103,-39.10074,2011,6,1.42
-32.774914,-74.893074,2013,3,8.89
29.619934,-44.283203,2011,11,15.51
-32.403503,-71.20018,2015,4,6.1
45.15303,42.244106,2011,2,22.67
49.085823,-24.310055,2014,1,14.29
-38.276306,-59.747585,2015,1,4.29
-49.049274,49.23333,2015,7,1.02
-30.433872,-64.29167,2016,2,5.69
-31.770382,-45.90216,2016,12,5.39
-7.5740166,-43.800304,2011,8,4.97
46.5239,3.2811143,2014,10,18.04
-42.662506,27.868572,2014,5,2.3
-26.271868,-26.7389,2010,8,1.76
-34.450638,-71.740944,2015,2,8.34
-51.747746,11.051474,2016,5,-2.82
-13.348983,-28.453909,2012,4,3.2
-31.746887,-45.09642,2016,12,6.46
22.009672,-20.733185,2014,3,12.25
19.639233,1.7857506,2012,11,15.92
7.3685827,23.24917,2009,9,18.38
6.4625435,-49.079548,2014,9,4.8
-23.983593,24.881763,2009,12,3.65
-53.1031,14.841338,2015,4,-2.6
16.371168,22.97278,2009,12,12.77
36.86925,-35.49281,2015,9,12.86
-51.766144,14.376025,2016,6,-3.63
-57.795708,41.651802,2010,2,2.86
-39.558178,11.334483,2013,10,2.56
31.23327,29.083267,2010,11,23.3
-21.416885,-52.403416,2012,11,-5.45
-2.2354372,-8.823564,2013,2,7.86
49.787617,31.720129,2015,5,24.15
-43.05196,-64.0233,2016,4,-7.36
-33.231712,-69.844376,2015,1,6.0
44.013577,-40.01492,2014,10,14.26
10.007791,-0.38377687,2013,2,12.89
7.5400014,-45.97823,2014,5,8.57
15.552002,30.974249,2012,9,14.29
18.056288,28.752367,2012,10,15.37
41.948666,-29.351189,2013,7,15.75
5.0841217,-17.248653,2009,1,13.03
-11.342818,-42.528378,2013,6,2.16
12.896797,-7.300382,2010,1,13.46
-9.860655,33.888035,2010,5,8.92
-38.42071,-47.106762,2010,4,-5.16
-4.663542,-60.713238,2013,11,6.41
45.840214,15.842192,2013,2,16.22
-34.378876,2.486036,2009,10,-0.9
24.799353,6.690047,2009,5,13.66
28.713554,21.129206,2013,9,18.09
-21.964582,-63.763588,2014,9,-0.25
-68.14496,33.474712,2011,1,-7.05
72.27834,5.3469133,2009,9,21.21
27.828285,-28.75047,2016,7,12.92
-52.01904,13.827174,2016,6,-4.84
-31.574036,-70.55225,2015,4,3.71
-20.427292,-10.012947,2016,12,5.64
39.074177,43.25125,2015,3,20.2
63.24294,-28.33761,2012,7,16.93
23.526188,16.926079,2013,9,15.82
10.85184,-0.011166738,2012,3,15.45
61.85061,50.79776,2015,5,35.04
-49.895462,29.43855,2010,5,0.93
48.867867,-39.316246,2016,8,15.73
6.931329,-66.62554,2016,8,6.62
-67.28369,31.5681,2010,2,-7.38
-21.536873,47.806,2014,10,7.62
48.428703,51.12864,2016,6,24.2
-45.078136,-58.99518,2013,2,2.08
-68.8131,-3.0613594,2009,9,-2.73
-23.910942,-59.58234,2016,12,-0.8
-18.841852,-11.967575,2014,10,9.64
38.0499,-42.356785,2013,12,12.85
-34.33597,2.1627555,2009,10,0.01
42.21851,44.06786,2014,1,20.17
23.840708,19.500914,2013,11,12.77
-36.94928,22.831467,2016,8,1.69
67.328705,32.479664,2010,1,23.47
-34.58248,-60.818512,2016,4,1.49
-17.858095,-10.631256,2015,11,9.7
-40.714535,36.723225,2013,1,3.57
8.085705,32.88622,2014,7,13.46
-61.50147,-4.863088,2013,10,-3.48
-3.6035259,32.01224,2010,8,14.49
-17.41937,38.60648,2009,4,7.31
-13.850104,18.374828,2014,11,6.94
36.379185,2.4353726,2010,5,13.51
59.420025,21.689219,2011,4,22.81
-14.288823,-25.361286,2009,7,5.2
9.764341,43.856316,2014,1,15.57
-43.68089,42.02384,2015,2,2.53
-2.9718978,-31.905903,2013,3,6.45
-9.893936,-25.901323,2013,5,5.03
29.747898,-9.829211,2015,5,12.75
-4.1801395,31.81658,2010,8,11.77
-6.8157945,12.355394,2014,3,7.98
52.28257,5.076398,2012,11,16.63
-17.044432,16.277884,2015,10,4.38
-11.503948,-70.85148,2016,8,2.14
-39.18128,35.76316,2013,4,5.4
-23.141907,-53.765083,2012,8,-6.52
-22.941868,2.0832272,2011,8,8.88
54.189186,50.366787,2015,2,26.92
-9.601308,-52.227695,2012,10,1.74
10.672358,-25.588354,2015,10,10.57
52.422375,30.761992,2016,4,23.39
-42.688763,27.854528,2014,5,1.98
67.051994,5.2581224,2016,7,22.03
45.06504,13.466076,2015,4,16.44
-10.010408,32.556366,2011,5,10.92
31.163021,29.082577,2010,11,24.09
61.29648,45.21999,2014,6,28.74
34.3114,-54.44869,2010,6,13.32
-4.1173964,20.507051,2012,1,10.08
-15.561525,-4.9585896,2012,6,8.47
-24.11949,17.940348,2011,8,5.68
74.91525,-3.660696,2014,11,22.22
-20.011358,-50.579033,2011,11,-0.58
-55.381287,15.388169,2013,1,-2.14
-84.20724,1.0322996,2011,12,0.39
-4.30004,31.473856,2011,9,10.66
-83.618706,1.1822039,2010,11,-4.26
34.592365,-7.8540764,2013,10,10.55
2.419199,-33.344006,2012,4,8.6
28.972975,11.000207,2010,4,15.56
20.21465,6.821652,2012,10,14.77
-17.50712,-2.2258246,2012,6,4.77
-8.84072,37.57156,2010,2,9.96
-13.554623,-25.321224,2009,6,3.7
-6.85751,6.029402,2011,2,10.69
-26.865475,-39.099743,2010,12,3.84
-42.482174,38.214092,2014,2,4.06
45.52504,-33.032677,2014,6,12.09
1.9746553,-20.608511,2012,1,7.76
-34.714764,-73.151405,2015,3,5.58
-17.727757,21.917292,2012,9,9.21
33.280273,17.612017,2015,8,17.18
-32.69304,12.094713,2015,11,3.33
41.32395,6.691827,2016,9,16.25
-41.587215,34.926,2013,2,1.45
-25.492346,-34.564774,2011,7,5.36
-49.410767,43.205647,2013,4,4.36
0.7875903,-68.26941,2015,7,6.34
9.956729,-7.026305,2010,1,12.97
20.06558,7.3799095,2014,11,15.23
40.91598,16.349676,2015,3,15.64
-21.109018,-63.618492,2013,11,0.45
-5.39184,-6.4393187,2014,2,10.2
-48.158775,35.1754,2014,1,3.35
64.94162,48.62479,2015,3,30.12
33.72827,28.238802,2013,8,21.16
29.518003,-22.63671,2015,5,13.52
60.09234,-28.7971,2011,7,16.2
74.833725,-7.286206,2016,10,21.71
-10.721109,-47.559563,2010,11,5.33
-11.17097,-1.4242072,2016,3,5.89
61.757023,44.11109,2015,5,28.26
25.374117,-30.514866,2015,9,10.86
-18.023993,52.30656,2015,9,9.82
28.462955,-1.2346245,2009,10,13.3
-33.611958,-58.38629,2014,6,2.11
49.680546,50.258247,2016,5,25.31
55.07551,-19.730946,2012,3,17.74
-8.758814,-38.176025,2009,5,3.2
-23.622509,26.64676,2009,11,5.29
32.651493,17.68983,2015,8,17.42
-5.737563,-55.574173,2009,9,5.1
22.125484,0.3657558,2009,10,15.96
48.548622,20.505934,2016,2,21.02
-16.753593,8.011237,2013,3,8.79
47.638798,33.81456,2016,5,22.74
35.818523,-44.791656,2011,12,12.77
1.9512784,-17.019798,2009,1,10.07
11.928561,5.1561837,2009,5,15.77
-37.237953,-51.15676,2011,3,-0.9
14.448374,-1.6721283,2012,4,14.33
9.283313,-27.140268,2016,7,7.54
69.27892,-7.3683896,2013,7,17.52
-5.1976137,-6.804272,2014,2,10.46
-25.60963,-39.621128,2010,12,4.39
-6.765168,-56.07266,2010,10,5.26
34.281464,-47.92367,2010,11,14.39
-55.619312,17.417753,2016,2,-0.49
-5.064994,34.94867,2010,6,13.6
-77.405136,15.202704,2012,12,-5.82
-56.007732,30.472097,2009,5,0.3
-57.54701,12.995457,2013,4,-0.02
-13.044467,19.783213,2015,10,8.73
28.569859,-9.4086275,2015,4,14.45
31.07263,33.012222,2015,12,21.35
-15.989569,53.170288,2014,11,10.89
-50.487717,41.099678,2013,1,1.48
-47.896908,-16.329926,2016,11,3.09
-2.7612352,32.305954,2011,7,18.5
17.144627,43.60062,2015,8,15.22
66.80801,28.827375,2012,2,22.95
28.774206,-9.043151,2015,5,13.76
-41.85627,16.997515,2014,6,3.99
-59.372215,12.183356,2013,2,-0.29
40.56687,-22.133947,2013,9,17.55
-46.27789,27.29647,2012,6,2.09
-38.791073,-3.3140068,2009,6,0.39
15.873645,50.041,2015,8,13.49
70.77528,2.652564,2010,5,19.24
27.766401,9.750259,2010,7,17.93
24.987154,13.9755745,2009,6,18.86
44.106735,0.6867522,2014,8,17.14
-70.102715,28.029799,2009,3,-8.61
66.77306,-0.4683916,2013,4,19.89
-73.17739,6.2368135,2009,12,-2.2
32.15772,28.481857,2012,8,23.49
57.97677,-15.493157,2010,3,18.13
-54.384796,7.5709944,2013,8,2.67
-71.5271,26.00774,2011,4,-5.14
-3.1526008,-21.735071,2010,3,8.18
-5.9723353,-22.154856,2010,4,7.61
-80.62019,-3.6503422,2013,10,-3.51
-33.251026,50.537167,2016,5,4.09
42.589474,13.969741,2016,4,17.26
6.813304,-16.711456,2010,2,13.55
-7.0667524,0.66235095,2016,5,9.73
57.95284,39.39134,2011,6,27.1
64.253975,-18.515276,2011,7,19.26
47.230885,-2.6300175,2015,7,16.51
-32.203983,-7.2925005,2010,7,5.13
-43.83552,-47.785244,2010,2,-11.71
-16.149351,46.88132,2011,11,7.12
11.307928,-47.706448,2013,9,11.77
17.977272,28.933367,2012,10,16.72
21.184689,23.813398,2009,7,17.22
-6.2598395,12.460834,2016,1,8.67
-33.528984,2.7813137,2009,11,0.34
6.2042093,-67.756516,2016,8,8.66
-51.778744,50.18981,2015,7,-0.28
17.593414,53.389336,2015,9,12.98
-11.8658495,51.304165,2014,12,12.96
-48.55269,-17.359669,2016,12,1.6
34.63989,-47.372902,2010,11,14.66
68.219536,31.040064,2011,2,20.83
52.37539,5.8120084,2010,12,15.99
-37.19197,-68.53152,2013,3,5.81
33.906708,32.14803,2012,8,20.54
-70.84538,16.199528,2011,3,-2.18
-26.619045,15.332981,2015,12,4.48
-19.219286,55.442013,2016,9,7.61
-7.3430314,12.645004,2014,3,6.36
-1.6791055,-50.545914,2009,11,6.1
64.80568,-4.6178184,2012,5,17.04
46.337013,-29.963745,2016,5,14.92
18.588783,-53.731403,2011,12,8.31
1.3238581,27.406923,2009,12,14.23
1.3867716,-9.169801,2012,4,9.03
44.687943,-18.794197,2011,4,14.05
25.149078,-45.28708,2013,10,12.81
-47.334793,46.482533,2015,1,1.82
-20.440989,52.044235,2015,12,5.54
6.0710893,35.41606,2016,6,11.86
3.085897,-61.675785,2013,10,8.75
-32.75565,41.49643,2015,2,6.82
-39.229237,-59.537254,2013,3,2.16
-11.267321,-45.52527,2011,8,4.24
-82.4881,1.8382341,2010,11,-3.92
-60.072735,-0.33284578,2012,9,-0.88
-51.85395,18.336723,2015,5,1.1
-20.95674,-22.00196,2010,12,10.91
20.693184,42.88325,2015,8,18.38
5.142889,-14.557892,2011,4,11.38
24.204962,22.106165,2009,11,16.24
43.622643,24.164406,2014,4,19.72
47.792988,41.176804,2009,2,21.57
-17.281336,54.865314,2015,10,12.81
-53.16164,14.816393,2015,4,-2.58
20.549347,-21.230196,2014,1,11.56
38.340794,-37.75623,2012,9,14.09
-35.470524,30.074116,2012,6,3.79
-29.918873,-69.9219,2015,5,6.83
22.962784,33.40081,2014,11,18.75
3.4434283,50.82632,2016,6,13.48
-5.328616,34.73655,2010,6,14.25
-27.190683,8.509516,2013,10,3.0
11.131891,-2.6909962,2010,4,11.01
39.201286,-4.3301167,2016,9,14.0
50.45043,39.30206,2009,1,23.88
-26.753082,37.07149,2012,5,2.86
22.782137,32.694496,2014,12,16.64
-1.6398257,8.064026,2010,2,9.77
18.329384,45.10852,2014,10,17.25
-26.062843,28.243628,2009,11,-0.05
17.271173,50.216396,2015,9,15.06
69.3033,31.223526,2014,1,21.5
-49.920147,28.4418,2010,3,0.77
-44.579735,13.808672,2013,6,-2.17
-62.053,-3.360516,2013,10,-4.6
40.212982,36.095592,2009,3,20.26
36.07718,-7.3077397,2012,12,10.03
48.764473,22.227749,2016,5,21.15
-15.972348,-62.535896,2016,8,1.52
-12.217648,9.674024,2011,4,5.6
-4.846578,-24.456203,2013,2,6.86
41.69661,7.9933877,2016,8,18.3
-12.37904,-39.025654,2011,6,1.18
-4.2888236,-8.161865,2014,4,9.53
59.77046,29.048094,2013,1,27.81
51.856323,5.305741,2012,11,17.05
53.843784,-22.50686,2010,1,15.4
15.892144,-33.281605,2011,5,13.84
-45.699215,-12.344809,2016,10,-0.34
-61.324745,26.128164,2012,3,1.42
25.480446,-0.5919607,2009,8,12.74
-32.443626,-71.82127,2016,5,7.42
-55.37601,-2.3173177,2013,7,-0.52
-11.141851,-55.307945,2009,12,1.97
35.8187,0.19062172,2012,6,14.23
67.12373,29.223686,2010,1,22.19
-18.904942,51.62348,2015,8,7.04
37.244923,-12.557861,2014,11,14.06
-68.91341,-2.9204295,2009,9,-3.03
69.03358,45.421288,2014,9,31.25
-0.018176705,13.372684,2009,3,11.3
-33.47723,-71.75755,2015,5,7.0
38.89219,-6.0647626,2015,11,11.02
-81.72224,4.168893,2010,8,-8.19
0.7939773,-30.49344,2012,4,8.85
72.38912,-13.523532,2013,8,19.6
-11.7443285,-2.9645967,2015,2,4.66
58.476315,35.419434,2014,7,23.84
-31.368845,-71.96791,2016,5,8.08
48.852783,-22.681051,2013,1,11.42
-43.263054,1.083779,2011,5,3.26
25.518864,-54.819496,2009,12,11.46
3.7041922,-68.98656,2016,9,7.15
13.515368,-43.215946,2014,5,7.71
41.981342,35.007603,2009,2,22.97
67.156845,32.78166,2010,1,25.29
3.818466,-17.136852,2011,3,10.76
-15.827354,-54.2615,2010,10,-1.7
48.47708,40.308945,2010,5,22.51
0.28019014,-15.347106,2009,2,9.97
48.640755,51.17514,2016,6,24.84
16.141039,-11.36892,2010,2,14.48
36.60029,-0.30689102,2012,6,15.52
-24.000862,-49.43505,2012,12,6.54
-11.726835,-57.214027,2012,12,1.49
-34.284325,21.46806,2016,10,4.68
64.50032,-20.084795,2011,7,17.22
27.364244,-20.545563,2015,3,16.28
42.632854,3.9605417,2016,12,17.0
57.937054,7.812966,2011,6,21.13
57.74901,22.67811,2011,3,23.76
26.399363,4.446358,2010,7,12.85
4.1829977,15.202996,2009,5,13.2
43.62768,4.0933027,2015,12,18.26
-22.252857,-59.284195,2014,9,-2.77
17.650139,27.694935,2013,10,15.56
-77.59474,-1.1288791,2011,12,-1.72
-62.41618,23.630936,2010,6,-1.17
19.672007,7.2505517,2014,12,16.69
49.894295,-19.80102,2010,3,14.56
-38.500217,45.271,2016,2,8.5
40.316795,-4.37432,2015,8,13.8
34.519314,-0.47462523,2009,7,13.22
-3.9376693,-52.22282,2009,12,7.25
-60.80524,31.74173,2009,4,-1.46
-65.54015,-2.9430935,2010,12,-7.15
9.205685,-27.16366,2016,7,7.46
40.297653,48.62926,2016,6,20.99
58.180004,-24.207617,2009,1,15.85
-58.58538,37.07574,2011,2,-0.69
-0.060863983,7.864211,2012,1,13.32
46.622128,-42.8662,2014,12,14.51
75.108574,-17.75365,2014,11,17.54
-76.64255,16.124853,2009,10,-4.89
41.986412,17.697037,2016,1,15.19
27.44875,27.495174,2011,12,18.23
-6.0269294,21.736135,2012,4,7.47
-48.038887,-0.599582,2014,4,0.55
-63.110626,-2.9451523,2011,9,-2.55
14.65015,-26.379387,2015,2,7.91
-40.37451,-3.4758902,2009,3,-0.05
-63.163013,43.354477,2011,7,0.33
-21.278177,-56.16663,2012,9,-7.83
60.3924,26.620766,2013,2,26.5
-25.474129,24.29431,2009,12,-1.47
42.22115,14.712685,2016,2,14.47
-26.155146,-8.712542,2010,10,8.92
-37.461323,45.146816,2016,2,12.4
-21.28987,-66.93202,2015,9,4.38
36.82998,-15.691953,2014,12,12.46
49.68604,43.28552,2009,9,24.92
-0.3977635,20.19192,2016,2,11.53
-0.98727334,9.133416,2010,3,12.63
-34.627743,22.013718,2016,12,2.98
-10.357606,-69.61999,2016,9,-2.86
53.05145,27.1606,2012,6,23.21
59.482525,7.598227,2011,5,20.15
3.6508322,15.089882,2009,5,13.96
-17.077055,6.99777,2013,4,9.32
-1.573278,9.276259,2010,4,11.25
-77.851585,8.464976,2010,6,-5.25
38.7593,-31.18153,2016,6,16.0
-2.6725237,-66.26419,2016,11,6.61
-1.597867,-12.779869,2011,1,10.13
46.973553,19.769865,2016,3,19.06
-60.343403,15.583845,2013,2,1.08
26.671526,45.459774,2013,12,20.1
57.38512,22.335716,2011,4,21.81
55.756638,-13.570759,2014,1,18.02
5.737809,36.779488,2016,8,11.06
-30.037373,-6.6445665,2010,8,5.17
-11.814426,27.696312,2011,7,10.28
-39.286716,15.647998,2016,9,5.73
6.885916,33.36139,2015,6,11.38
-23.31205,16.533806,2012,9,2.77
17.723717,50.70611,2015,8,15.07
57.947567,39.36297,2011,6,26.99
19.02659,32.475628,2011,12,18.87
-7.341071,-7.87306,2013,5,8.39
-41.890984,25.995005,2013,6,0.39
10.653415,-11.611608,2010,2,10.62
6.164059,-21.127525,2009,4,13.92
34.76698,-47.022186,2010,11,13.21
-21.099325,-49.870773,2010,10,-1.7
27.293827,-32.04916,2016,10,9.56
17.613897,-25.50562,2016,4,10.22
-5.4641495,-60.662964,2013,11,5.01
14.330135,21.25687,2009,11,12.98
33.96913,-19.000015,2011,7,16.77
53.596443,49.950027,2015,2,25.15
-43.592297,-64.590576,2016,6,-7.97
63.224407,40.333366,2014,10,27.22
-15.278301,-47.674297,2014,10,1.51
-41.786858,39.3982,2014,4,1.92
-37.353416,-24.786596,2010,12,7.18
14.872013,0.563156,2011,3,16.26
1.0031446,27.610718,2009,12,12.73
5.9425673,41.575546,2014,5,14.65
19.206108,-25.16794,2014,4,10.98
29.453596,-4.3303385,2009,11,8.76
-77.75451,18.557997,2011,7,-7.09
-18.796955,9.573379,2013,6,6.3
1.4423329,-31.689116,2011,5,9.23
-1.5340964,8.0180025,2010,2,10.26
-35.32843,-66.74475,2013,4,2.14
-29.701502,-65.7698,2016,2,7.32
-11.04231,-30.115694,2009,1,2.95
-52.100666,50.69808,2015,8,-1.16
25.156322,18.685333,2011,11,15.18
-66.055824,34.153778,2009,3,-3.15
-62.179394,40.94594,2011,4,2.92
-29.75818,8.793528,2012,7,2.67
-13.033673,19.632158,2015,10,9.28
-4.843798,-24.500309,2013,2,7.82
-49.85302,33.94437,2013,5,1.01
32.679134,0.5459651,2011,8,12.8
24.822481,53.31866,2016,8,21.12
6.1614723,-8.106094,2011,2,10.4
4.567826,51.98318,2015,6,16.8
15.921094,34.104702,2012,10,12.65
-40.274193,-63.01875,2013,4,-3.34
40.92531,-19.215002,2013,7,12.11
-2.2495258,6.642112,2010,4,7.99
-12.087904,-73.83725,2016,6,5.65
-9.460031,30.157475,2012,7,7.0
-20.810822,-52.158203,2012,11,-4.35
-4.641997,2.6822906,2014,5,11.33
27.615282,-40.31616,2012,11,13.93
-8.601651,42.948353,2011,3,6.53
-18.877176,-31.558867,2009,8,5.66
-57.981773,31.277958,2009,7,2.39
-31.121077,-69.91536,2015,3,5.53
59.366253,43.45096,2012,9,28.46
-20.65928,15.043569,2012,11,6.24
-23.60391,56.99438,2012,5,4.24
-11.092463,-72.18365,2016,8,2.65
12.602519,39.533836,2010,3,15.01
-40.804375,3.8696003,2009,3,2.31
-71.75762,25.303417,2011,5,-5.17
42.261623,-36.394066,2013,9,16.05
34.4788,-7.453966,2013,11,12.22
-29.394222,6.5691767,2011,10,3.42
1.698141,-41.625095,2012,7,12.44
48.53225,2.0179634,2013,8,17.82
-31.29055,-47.343494,2016,11,1.8
48.313076,-4.536341,2016,5,16.42
62.436405,-26.078867,2011,5,18.2
-17.745636,38.560497,2010,5,6.39
-45.279015,50.952633,2015,5,2.33
-16.92657,49.353184,2013,9,8.39
11.364598,38.989693,2010,5,15.57
-14.380481,-57.442436,2009,10,0.26
-34.541077,-58.717846,2014,5,0.29
8.954352,-7.011492,2010,2,11.17
3.1875641,5.909154,2014,4,15.09
34.7617,30.853168,2011,8,22.2
-28.859785,-27.42963,2010,6,-1.09
-20.959988,34.90909,2012,12,9.12
-46.674805,7.464179,2010,6,1.75
-13.204299,-32.92473,2009,4,0.15
43.03287,26.99545,2015,4,17.92
8.5722065,-2.6760225,2012,4,11.47
-2.704521,-5.185958,2015,1,12.52
-69.49621,-3.0112126,2009,9,-2.1
-36.32845,37.512028,2014,1,5.91
-10.26958,-4.418573,2014,3,7.64
-33.488014,2.6684601,2009,10,-0.49
-16.769167,-46.12284,2013,8,5.52
-1.4707288,8.261258,2010,2,11.11
-47.189148,22.185093,2014,1,0.29
63.116154,-26.460594,2011,6,17.68
-35.280674,-16.237597,2012,6,7.2
58.739887,50.990833,2014,4,30.15
-21.077621,-59.184025,2014,9,-4.15
-20.148716,15.725743,2012,12,7.38
54.31938,-17.447111,2015,1,18.93
-8.590375,-22.623829,2009,2,6.97
-50.89641,-10.410367,2015,11,3.13
31.108852,-47.94919,2012,9,12.79
11.136904,4.9195213,2010,5,13.86
31.921988,51.33299,2013,5,20.46
64.65018,5.171118,2013,8,17.79
66.22269,-27.516138,2015,6,20.06
-20.744928,1.3497652,2011,6,9.72
-33.37726,23.401712,2014,10,5.65
-30.460863,-7.4613347,2010,8,5.43
60.24737,50.245533,2014,8,33.04
32.806152,21.757456,2012,8,20.93
-57.897934,34.74717,2010,1,2.05
25.41543,-20.724058,2016,3,15.41
2.6561697,-41.58529,2012,7,11.41
-27.02723,-13.9338665,2009,10,9.19
32.42343,-53.58233,2009,8,15.24
-56.000244,37.695507,2011,3,0.03
29.579826,31.227442,2014,11,20.43
-29.079594,9.197456,2012,8,3.24
61.55632,46.5201,2015,4,30.71
34.558434,15.536971,2014,9,17.37
-7.190495,-35.15741,2011,1,7.98
62.703865,49.176853,2015,3,30.41
-70.3729,16.361897,2011,2,-1.01
-15.233021,-62.27311,2016,9,2.05
-48.296158,21.582169,2015,2,1.68
-6.903223,5.9900703,2011,2,9.64
4.108499,-41.367523,2012,8,11.58
-13.257101,24.182398,2014,8,10.12
-24.909838,-5.5465593,2012,12,9.62
-43.604214,48.392334,2016,4,2.63
-28.018717,27.039549,2011,12,1.66
-5.6533246,50.76571,2016,9,5.69
17.811977,26.503412,2011,9,14.58
14.131092,23.030401,2009,12,13.69
-1.1132998,-43.35975,2011,9,9.2
29.551777,-0.50513333,2009,9,13.71
-56.74489,-7.3955855,2016,9,-3.17
27.393267,24.791294,2011,11,22.88
-84.00492,-2.9716542,2013,11,-5.88
1.3406467,5.404235,2014,1,11.57
53.246693,30.456745,2014,6,23.67
-16.880579,-29.168081,2011,5,2.16
-27.022646,-38.859932,2010,11,4.51
16.266582,-8.716009,2012,1,12.51
12.476662,10.2491665,2010,4,14.62
32.795208,21.507795,2012,7,19.66
25.141428,33.592304,2012,12,19.12
53.265034,-1.9584593,2014,7,17.49
27.808773,45.96818,2012,12,20.58
55.869434,41.309166,2010,3,29.07
-43.93505,-64.1736,2016,6,-6.32
-47.394894,23.570877,2013,1,5.4
-10.014778,-2.0467021,2016,3,8.61
-3.8313048,15.375053,2010,4,7.97
33.080173,-6.5355864,2014,9,13.87
-15.638332,19.282755,2012,9,2.99
14.339154,12.957816,2014,7,18.69
-14.779973,18.19494,2014,10,5.15
-35.15652,-71.35552,2015,2,9.56
39.44139,29.383598,2009,9,23.71
-31.902172,4.8608823,2009,11,-0.21
-41.935448,4.164159,2009,3,3.23
-29.11567,-2.5401528,2011,9,6.87
-40.749134,-45.398083,2010,4,-14.32
28.49292,4.3486996,2011,7,13.5
-47.81776,50.829647,2015,7,4.59
-46.6042,26.605822,2012,5,0.55
-37.204346,-50.66963,2012,3,0.26
-14.957807,1.8918953,2012,4,5.22
42.35535,-17.908836,2014,4,12.98
28.85347,35.1806,2016,12,21.24
-57.094604,7.2478023,2015,4,-2.03
-4.299552,12.388164,2013,1,12.28
38.005753,50.57789,2013,6,20.36
-51.83933,29.292696,2010,1,-1.06
45.04978,24.512169,2014,4,21.65
49.50101,26.666931,2012,6,19.51
-18.830093,39.896866,2011,5,7.63
-51.214294,14.641518,2016,5,-1.18
-37.160072,-52.077168,2011,3,-1.23
-20.132614,50.590515,2015,11,3.47
32.266853,-55.13544,2009,6,12.6
49.66163,-34.101074,2015,7,16.72
-37.113792,-23.061066,2010,11,9.91
19.428356,-8.73993,2009,4,12.52
21.198298,14.907794,2015,10,14.37
-49.5512,-19.28611,2016,12,1.43
-84.81325,17.110506,2012,4,-9.72
32.88159,51.908306,2011,3,20.72
36.692055,-48.76847,2010,9,14.68
-24.160519,9.5971775,2016,11,4.46
-16.547792,-27.504848,2012,6,4.53
-24.600256,-0.4970725,2011,10,4.06
-8.201779,-36.796253,2009,3,6.11
12.643554,-51.685673,2013,10,8.0
-18.853992,39.88817,2011,6,8.97
-47.333492,52.21367,2015,5,5.08
64.4119,-27.51706,2013,6,18.77
29.635612,-54.83277,2009,9,13.46
-18.230093,9.794863,2013,6,7.02
-42.03031,13.71636,2013,7,1.38
17.915411,-20.86024,2014,1,9.37
-13.76665,15.989577,2013,8,5.51
-10.357316,-2.9282422,2015,2,7.08
32.547894,-53.474705,2009,8,14.87
-42.50821,13.116337,2013,7,1.25
-32.96025,11.945925,2015,11,3.26
-82.90505,16.035662,2012,10,-12.18
62.912758,-1.859463,2014,3,16.21
-43.86884,15.747447,2014,5,-1.15
-84.2075,16.377638,2012,7,-14.77
-27.963182,-40.21345,2009,11,0.77
16.088953,20.22857,2010,12,13.22
2.8953104,-11.702053,2010,2,8.88
61.523502,13.602073,2009,4,20.06
41.045357,-21.391804,2013,7,15.74
48.11557,-21.70432,2013,1,13.07
-23.122417,-54.159763,2012,8,-5.46
-54.990204,12.745189,2013,6,0.4
-9.907474,7.276427,2015,3,10.19
6.1721826,-5.26731,2011,3,9.54
59.429596,35.682793,2014,8,23.0
-19.6931,20.19335,2012,10,6.3
17.28782,-25.609365,2014,4,9.79
-39.870766,-58.61889,2015,3,-1.34
31.187986,51.379353,2015,4,21.26
-6.5855527,1.0092782,2015,5,11.2
54.21866,41.141235,2009,1,27.98
-45.67631,52.04963,2015,6,5.99
-77.19347,5.242412,2010,8,-6.76
32.361183,17.001247,2015,8,15.71
2.599048,-11.911937,2010,2,9.74
-38.116512,38.752583,2014,2,6.53
20.73676,43.879707,2014,6,20.06
-13.578677,-50.333057,2010,11,0.01
61.705334,-26.202122,2011,4,16.62
-44.434223,42.763176,2016,3,2.19
-87.063995,16.40086,2012,2,-15.0
14.735561,49.465145,2015,9,12.76
-49.53756,-6.482069,2015,6,3.1
4.003879,19.017082,2012,6,15.65
37.541756,-31.52024,2015,8,16.85
53.2836,49.342968,2015,2,25.83
-27.432493,-36.444443,2011,6,5.85
28.412819,-47.655956,2009,10,13.61
-24.234674,36.70617,2014,8,5.78
24.009058,-11.302431,2014,1,12.24
32.397404,17.084202,2015,8,16.65
-1.9540409,1.4508122,2010,4,7.97
-17.132399,-67.17013,2012,6,3.39
-52.799683,9.205976,2016,7,3.37
-45.984966,38.078926,2014,5,3.06
-36.3505,27.77977,2013,7,2.16
36.489674,10.218224,2010,10,17.74
21.963444,21.288715,2011,8,18.34
19.543205,1.0699716,2012,10,14.44
14.5161085,-43.264965,2014,6,7.59
11.623325,-11.137968,2010,1,9.87
28.675068,21.090326,2012,9,17.57
-78.40641,6.8188744,2010,7,-5.37
-50.476597,44.075523,2015,5,2.5
-22.167315,15.311893,2012,10,5.05
29.359682,2.0397732,2009,8,11.85
15.788205,20.242537,2011,12,14.19
-33.39988,-68.85421,2016,3,5.89
-6.9750323,39.20948,2011,8,6.67
37.161186,36.159794,2012,4,19.13
-10.514708,-69.57443,2016,9,-1.84
-77.57821,-1.1427603,2011,12,-0.49
18.58668,2.0512242,2014,12,16.57
42.199707,-26.95641,2016,5,18.06
61.74611,-14.499512,2014,6,18.25
11.744813,29.060747,2014,12,14.75
3.3233283,17.739008,2010,3,13.38
0.50396824,18.39554,2013,5,12.42
-38.327866,-7.5338907,2009,5,1.75
36.915554,-7.7450657,2012,12,10.89
51.57739,15.706088,2012,9,21.58
-24.114368,-43.455177,2011,11,-0.16
34.46272,8.990422,2010,7,15.15
-34.78014,-72.70408,2015,1,8.55
21.489037,-22.388834,2015,3,11.38
-24.45944,44.975628,2014,6,4.91
54.427807,32.94712,2016,2,23.11
32.843624,22.784836,2012,7,22.03
-34.95098,22.547281,2016,10,3.58
36.961422,-53.08441,2009,7,13.55
-8.209694,-47.331238,2011,10,2.77
-49.1961,-7.750061,2014,8,5.63
50.029354,-7.884543,2015,1,15.97
12.37307,1.6581175,2010,4,14.24
49.034782,-24.279804,2014,1,13.67
5.237237,-6.6053295,2011,3,9.71
9.082119,32.809677,2015,8,14.45
-17.586044,13.595659,2015,11,10.83
-37.25345,-5.660891,2009,7,5.12
-35.73284,42.145996,2016,2,5.28
-43.548412,13.313946,2013,6,-1.89
-32.319138,-21.970535,2009,9,4.1
29.719505,-2.7602997,2010,10,11.69
-29.28275,7.699246,2012,8,2.42
62.65321,-29.274334,2012,7,17.03
-57.33745,10.780869,2013,5,1.31
2.0222008,-64.37227,2015,7,9.68
65.19742,1.5929545,2012,3,20.04
17.619028,-23.757607,2014,2,11.29
-31.283073,-69.99153,2015,3,5.14
-43.616234,-63.723907,2016,5,-5.39
57.532642,41.8146,2010,6,25.34
31.224108,41.494007,2011,12,23.57
-20.66415,-50.85557,2012,12,-3.76
-28.731785,7.8053107,2012,8,2.51
73.10463,-4.6571517,2015,9,19.75
-11.308204,40.75344,2010,1,7.88
-48.493076,42.057037,2013,2,4.4
-6.9683456,-6.265855,2015,4,11.24
-11.808125,-68.35631,2014,9,1.01
-30.425404,51.856884,2015,2,3.76
73.50497,-16.827917,2014,11,18.43
11.40177,32.73942,2016,10,12.85
20.648294,-7.202354,2013,3,12.6
-76.796196,16.168016,2009,10,-4.34
-24.419203,1.1623334,2010,8,4.88
6.8295627,-48.091198,2014,7,7.21
-24.422218,3.8375921,2009,9,9.54
21.548292,36.983307,2015,11,20.09
62.136898,-28.851261,2012,6,16.5
-32.192272,28.475424,2012,7,3.24
41.41642,44.969948,2014,3,18.76
-49.696358,0.048024364,2015,3,2.7
29.10426,0.6927904,2009,9,12.59
